A,B,C,NOMBRE_PATRONO,NIT_AGRUPADOR
3,4,6,ACADEMIA INTERNACIONAL PARA EL CUMPLIMIENTO DE LA LEY,06142009051083
3,4,6,ACADEMIA NACIONAL DE SEGURIDAD PUBLICA,06142702921040
6,,,ACE CANTON GUADALUPE LA ZORRA,08221706911036
2,14,9,ADMINISTRACION NACIONAL DE ACUEDUCTOS Y ALCANTARILLADOS,06142101230059
2,14,9,ADMON NAC DE ACUEDUCTOS Y ALCANTARILLADO,06142101230059
6,,,ASAMBLEA LEGISLATIVA,06140101120025
6,,,ASOCIACION COOPERATIVA DE AHORRO Y CREDITO DE CRECIMIENTO,11231108151017
3,11,9,AUTORIDAD DE AVIACION CIVIL,06141810011054
3,11,9,AUTORIDAD MARITIMA PORTUARIA,06143010021070
4,10,16,BANCO CENTRAL DE RESERVA DE EL SALVADOR,06140107740062
4,10,16,BANCO DE DESARROLLO DE EL SALVADOR,06142209111110
4,10,16,BANCO DE FOMENTO AGROPECUARIO,06140107740025
4,10,15,BANCO DE TIERRAS,06142802911034
4,10,16,BANCO HIPOTECARIO DE EL SALVADOR,06142901350011
4,10,15,BANCO NACIONAL DE FOMENTO INDUSTRIAL,06142204820029
3,14,3,CAJA MUTUAL DE LOS EMPLEADOS DEL MINISTERIO DE EDUCACION,06141705901044
1,2,3,CDE  CENTRO ESCOLAR CANTON MIRAVALLES,06142507971033
1,2,3,CDE  COMPLEJO EDUCATIVO RAFAEL CABRERA,07120309021011
1,2,3,CDE  ESCUELA DE EDUCACION PARVULARIA DE JUCUAPA,11091302961015
1,2,3,CDE CANTON HACIENDA NUEVA,05032102971024
1,2,3,CDE CASERIO HACIENDA SHUTIA CANTON TAQUILLO,05051011141058
1,2,3,CDE CASERIO LA ERMITA CANTON LOS NARANJOS,07022710141044
1,2,3,CDE CASERIO LOS RIVAS CANTON NANCINTEPEQUE,02101408131039
1,2,3,CDE CASERIO VILLA TZU-CHI CANTON ATEOS,05131408131010
1,2,3,CDE CE CRIO COMUNIDAD EL AMATE II CT SANTA BARBARA,11232310141011
1,2,3,CDE CE PROFESORA SANDRA ESPERANZA RODRIGUEZ DE RODRIGUEZ,11231211141046
1,2,3,CDE CENTO ESCOLAR COLONIA SAN RAMON,06140703971430
1,2,3,CDE CENTO ESCOLAR REPUBLICA DE HONDURAS,06140404971083
1,2,3,CDE CENTRO DE EDUCACION PARVULARIA COLONIA SANTA LUCIA,06071402971033
1,2,3,CDE CENTRO EDUCATIVO PROFESORA MARIA AMANDA ARTIGA DE VILLALTA,06142802971592
1,2,3,CDE CENTRO EL ESCOLAR PROFESOR EMILIO URRUTIA LOPEZ,06182102971062
1,2,3,CDE CENTRO ESC CANTON EL PALON J/LOLOTIQ,12081205981018
1,2,3,CDE CENTRO ESC CR COL ARTURO ARMANDO MOLINA CT EL EDEN,03152611141020
1,2,3,CDE CENTRO ESC MERCEDES MONTERROSA DE CARCAMO,06141804971119
1,2,3,CDE CENTRO ESC SAN JOSE DE LA FUENTE,14152102971016
1,2,3,CDE CENTRO ESCOLAR 1 DE JULIO DE 1823,06140703971278
1,2,3,CDE CENTRO ESCOLAR 14 DE ABRIL,12072102971015
1,2,3,CDE CENTRO ESCOLAR 14 DE DICIEMBRE DE 1948,06172802971033
1,2,3,CDE CENTRO ESCOLAR 15 DE SEPTIEMBRE,08213011011015
1,2,3,CDE CENTRO ESCOLAR 16 DE AGOSTO DE 1996 CANTON SANTA LUCIA,08212802971091
1,2,3,CDE CENTRO ESCOLAR 22 DE JUNIO,06081107011015
1,2,3,CDE CENTRO ESCOLAR ABDON CORDERO J/SAN MIGUEL,12172102971290
1,2,3,CDE CENTRO ESCOLAR ABEL WILFREDO VELASCO  CARCAMO,06142102971907
1,2,3,CDE CENTRO ESCOLAR ACCION CIVICA MILITAR,06141206961087
1,2,3,CDE CENTRO ESCOLAR AGUSTIN LINARES,06172102971040
1,2,3,CDE CENTRO ESCOLAR ALBERTO GUERRA TRIGUEROS,03022802971014
1,2,3,CDE CENTRO ESCOLAR ALBERTO MASFERRER,11012102971019
1,2,3,CDE CENTRO ESCOLAR ALBERTO MENJIVAR RODRIGUEZ,09081402971013
1,2,3,CDE CENTRO ESCOLAR ALBERTO RECINO H,12052105971022
1,2,3,CDE CENTRO ESCOLAR ALBERTO SANCHEZ J/   CHINAMECA,12051403971013
1,2,3,CDE CENTRO ESCOLAR ALEJANDRO DE HUMBOLDT,06140110981056
1,2,3,CDE CENTRO ESCOLAR ALFREDO ESPINO,04241402971012
1,2,3,CDE CENTRO ESCOLAR AMALIA VDA DE MENENDEZ,06082102971025
1,2,3,CDE CENTRO ESCOLAR ANA RITA VELEZ DE MOREIRA,12121402971018
1,2,3,CDE CENTRO ESCOLAR ANGELA MARIA ARAUJO,11162305971016
1,2,3,CDE CENTRO ESCOLAR ANITA ALVARADO,07022802971094
1,2,3,CDE CENTRO ESCOLAR ANITA GUERRERO,11232802971044
1,2,3,CDE CENTRO ESCOLAR ANTONIA GALINDO,10101403971030
1,2,3,CDE CENTRO ESCOLAR ANTONIA VELASCO,09060111971019
1,2,3,CDE CENTRO ESCOLAR ANTONIO FERNANDEZ IBAÑEZ,12172002971020
1,2,3,CDE CENTRO ESCOLAR ARENEROS,04072102971014
1,2,3,CDE CENTRO ESCOLAR ARTURO AMBROGI,05032802971033
1,2,3,CDE CENTRO ESCOLAR ASENTAMIENTO DE LA COLONIA POPOTLAN,06021705011019
1,2,3,CDE CENTRO ESCOLAR ASENTAMIENTO SAN JOSE,13192802971066
1,2,3,CDE CENTRO ESCOLAR ASENTAMIENTO SANTA BARBARA CANTON SAN MARCOS,13172802971030
1,2,3,CDE CENTRO ESCOLAR ASOCIACION SALVADOREÑA DE SEÑORAS DE INGENIEROS CIVILES,06080110981010
1,2,3,CDE CENTRO ESCOLAR BA LA FATIMA LA UNION,14080111971052
1,2,3,CDE CENTRO ESCOLAR BALTAZAR PARADA,11212102971018
1,2,3,CDE CENTRO ESCOLAR BARRIO CONCEPCION    MERCEDES UMAÑA,11112103971025
1,2,3,CDE CENTRO ESCOLAR BARRIO EL CENTRO,04162102971072
1,2,3,CDE CENTRO ESCOLAR BARRIO EL PROGRESO,06171402971020
1,2,3,CDE CENTRO ESCOLAR BARRIO LA MERCED,12182102971023
1,2,3,CDE CENTRO ESCOLAR BARRIO LAS DELICIAS,14162102971046
1,2,3,CDE CENTRO ESCOLAR BARRIO SAN BENITO,12181402971010
1,2,3,CDE CENTRO ESCOLAR BASILIO BLANDON,11231402971014
1,2,3,CDE CENTRO ESCOLAR BENITO NOLASCO,13052802971019
1,2,3,CDE CENTRO ESCOLAR BENJAMIN BLOOM,06022802971082
1,2,3,CDE CENTRO ESCOLAR BERNARDO PERDOMO,09031402971016
1,2,3,CDE CENTRO ESCOLAR BOSQUES DEL RIO,06172102971083
1,2,3,CDE CENTRO ESCOLAR CAMILO CAMPOS,06152102971023
1,2,3,CDE CENTRO ESCOLAR CAMPAMENTO BANCO HIPOTECARIO,06142202971033
1,2,3,CDE CENTRO ESCOLAR CANTON AGUA SANTA,06141804971127
1,2,3,CDE CENTRO ESCOLAR CANTON ALDEA DE LAS MERCEDES,00000000000010
1,2,3,CDE CENTRO ESCOLAR CANTON AMATECAMPO DE SAN LUIS TALPA,08132802971012
1,2,3,CDE CENTRO ESCOLAR CANTON APANCOYO ARRIBA,03042611141012
1,2,3,CDE CENTRO ESCOLAR CANTON BUENA VISTA,05131011141019
1,2,3,CDE CENTRO ESCOLAR CANTON CALLE REAL,06192802971026
1,2,3,CDE CENTRO ESCOLAR CANTON CERRO COLORADO,09031603011010
1,2,3,CDE CENTRO ESCOLAR CANTON CHANMICO,05152102971011
1,2,3,CDE CENTRO ESCOLAR CANTON CHILATA,06142802971495
1,2,3,CDE CENTRO ESCOLAR CANTON CUNTAN,03062102971023
1,2,3,CDE CENTRO ESCOLAR CANTON CUYAGUALO,03060703971010
1,2,3,CDE CENTRO ESCOLAR CANTON EL ANGEL,06022802971040
1,2,3,CDE CENTRO ESCOLAR CANTON EL BORBOLLON,12171209971011
1,2,3,CDE CENTRO ESCOLAR CANTON EL BRAZO,12172102971273
1,2,3,CDE CENTRO ESCOLAR CANTON EL CAPULIN,05032102971016
1,2,3,CDE CENTRO ESCOLAR CANTON EL CASTILLO,05151405981030
1,2,3,CDE CENTRO ESCOLAR CANTON EL CIMARRON,05092102971027
1,2,3,CDE CENTRO ESCOLAR CANTON EL COPINOL,08210402991031
1,2,3,CDE CENTRO ESCOLAR CANTON EL EDEN,06140409971057
1,2,3,CDE CENTRO ESCOLAR CANTON EL ESPINO,11102802971019
1,2,3,CDE CENTRO ESCOLAR CANTON EL ESPINO ABAJO,08212802971113
1,2,3,CDE CENTRO ESCOLAR CANTON EL GAVILAN,14050109771015
1,2,3,CDE CENTRO ESCOLAR CANTON EL JALACATAL,12171402971147
1,2,3,CDE CENTRO ESCOLAR CANTON EL MATAZANO,06170703971010
1,2,3,CDE CENTRO ESCOLAR CANTON EL PAPALON,12091402971020
1,2,3,CDE CENTRO ESCOLAR CANTON EL PORVENIR,11042102971015
1,2,3,CDE CENTRO ESCOLAR CANTON EL PRESIDIO,03150409971019
1,2,3,CDE CENTRO ESCOLAR CANTON EL PROGRESO,05111403771028
1,2,3,CDE CENTRO ESCOLAR CANTON EL REBAISE,12172102971060
1,2,3,CDE CENTRO ESCOLAR CANTON EL TAMARINDO,14042102971016
1,2,3,CDE CENTRO ESCOLAR CANTON EL TRAPICHITO,14110111971016
1,2,3,CDE CENTRO ESCOLAR CANTON EL VOLCAN #2,12172102971303
1,2,3,CDE CENTRO ESCOLAR CANTON EL ZAMORAN,12171402971112
1,2,3,CDE CENTRO ESCOLAR CANTON GUADALUPE,06121402971030
1,2,3,CDE CENTRO ESCOLAR CANTON GUARJILA,04072210141052
1,2,3,CDE CENTRO ESCOLAR CANTON LA CHAPINA,06142711131060
1,2,3,CDE CENTRO ESCOLAR CANTON LA ESPERANZA,08052406991015
1,2,3,CDE CENTRO ESCOLAR CANTON LA FLOR,06130703971019
1,2,3,CDE CENTRO ESCOLAR CANTON LA LAGUNA,11230509971029
1,2,3,CDE CENTRO ESCOLAR CANTON LA LUCHA,08212802971083
1,2,3,CDE CENTRO ESCOLAR CANTON LA MORITA,12152802971036
1,2,3,CDE CENTRO ESCOLAR CANTON LA NUEVA ENCARNACION,05151405981021
1,2,3,CDE CENTRO ESCOLAR CANTON LA PALMA,06132102971014
1,2,3,CDE CENTRO ESCOLAR CANTON LA QUESERA,09030111971012
1,2,3,CDE CENTRO ESCOLAR CANTON LAS CRUCITAS,03022310141016
1,2,3,CDE CENTRO ESCOLAR CANTON LAS DELICIAS,12171402971104
1,2,3,CDE CENTRO ESCOLAR CANTON LAS TABLAS,03150703971019
1,2,3,CDE CENTRO ESCOLAR CANTON LLANO DEL COYOL,12070204021019
1,2,3,CDE CENTRO ESCOLAR CANTON LLANO GRANDE,11091302971010
1,2,3,CDE CENTRO ESCOLAR CANTON LOMA ALTA,11022810141030
1,2,3,CDE CENTRO ESCOLAR CANTON LOMA LARGA,14081402971013
1,2,3,CDE CENTRO ESCOLAR CANTON LOMA LARGA EL DIVISADER,13062802971014
1,2,3,CDE CENTRO ESCOLAR CANTON LOS ESPERANZA,11082102971041
1,2,3,CDE CENTRO ESCOLAR CANTON LOS GRAMALES,03032310141011
1,2,3,CDE CENTRO ESCOLAR CANTON LOS MAGUEYES,06140111972026
1,2,3,CDE CENTRO ESCOLAR CANTON LOS MANGOS,03020106981010
1,2,3,CDE CENTRO ESCOLAR CANTON LOS MOJONES,14160703971016
1,2,3,CDE CENTRO ESCOLAR CANTON MAJAGUAL,06092702971012
1,2,3,CDE CENTRO ESCOLAR CANTON MEJICAPA,11202802971013
1,2,3,CDE CENTRO ESCOLAR CANTON MILINGO,06191402971055
1,2,3,CDE CENTRO ESCOLAR CANTON OJOS DE AGUA,07022802971108
1,2,3,CDE CENTRO ESCOLAR CANTON PALACIOS,09042103971010
1,2,3,CDE CENTRO ESCOLAR CANTON PIEDRAS BLANCAS,14122802971029
1,2,3,CDE CENTRO ESCOLAR CANTON PLAN DE AMAYO,06141403971132
1,2,3,CDE CENTRO ESCOLAR CANTON PLANES DE SAN SEBASTIAN,12100801961011
1,2,3,CDE CENTRO ESCOLAR CANTON PLANES DE SANTA LUCIA,12051302981018
1,2,3,CDE CENTRO ESCOLAR CANTON POTRERO DE JOCO,11072410141020
1,2,3,CDE CENTRO ESCOLAR CANTON PUENTE CUSCATLAN,11070101971015
1,2,3,CDE CENTRO ESCOLAR CANTON PUERTO AVALOS,11082805991010
1,2,3,CDE CENTRO ESCOLAR CANTON QUITASOL,04332802971017
1,2,3,CDE CENTRO ESCOLAR CANTON SAN ANTONIO CAMINOS,10101402971010
1,2,3,CDE CENTRO ESCOLAR CANTON SAN ANTONIO SILVA,12170703971014
1,2,3,CDE CENTRO ESCOLAR CANTON SAN BARTOLO,06072102971020
1,2,3,CDE CENTRO ESCOLAR CANTON SAN CARLOS LEMPA,10112103971013
1,2,3,CDE CENTRO ESCOLAR CANTON SAN DIEGO BARRANCA HONDA,05152102971062
1,2,3,CDE CENTRO ESCOLAR CANTON SAN FELIPE,14122102971028
1,2,3,CDE CENTRO ESCOLAR CANTON SAN FRANCISCO ECHEVERRIA,09072110141045
1,2,3,CDE CENTRO ESCOLAR CANTON SAN FRANCISCO EL DORADO,09052102971020
1,2,3,CDE CENTRO ESCOLAR CANTON SAN JOSE,12122802971013
1,2,3,CDE CENTRO ESCOLAR CANTON SAN JOSE ABAJO,08192102971049
1,2,3,CDE CENTRO ESCOLAR CANTON SAN JOSE CORTEZ,06192102971025
1,2,3,CDE CENTRO ESCOLAR CANTON SAN JOSE LOS SITIOS,05192309971013
1,2,3,CDE CENTRO ESCOLAR CANTON SAN JOSECITO,08210703971010
1,2,3,CDE CENTRO ESCOLAR CANTON SAN JUAN,12021403971017
1,2,3,CDE CENTRO ESCOLAR CANTON SANTA ANITA,11111002971010
1,2,3,CDE CENTRO ESCOLAR CANTON SANTA BARBARA,10112802971029
1,2,3,CDE CENTRO ESCOLAR CANTON SANTA CLARA,12012110141029
1,2,3,CDE CENTRO ESCOLAR CANTON SANTA LUCIA,05022802971011
1,2,3,CDE CENTRO ESCOLAR CANTON SISIMITEPEC,03082805981013
1,2,3,CDE CENTRO ESCOLAR CANTON SITIO DEL NIÑO,05151402971068
1,2,3,CDE CENTRO ESCOLAR CANTON TAJCUILUJLAN,03081012141018
1,2,3,CDE CENTRO ESCOLAR CANTON TECOLUCO ARRIBA,07102908971011
1,2,3,CDE CENTRO ESCOLAR CANTON TUTULTEPEQUE,06062908971016
1,2,3,CDE CENTRO ESCOLAR CANTON VERACRUZ,06180402991011
1,2,3,CDE CENTRO ESCOLAR CAPITAN GENERAL GERARDO BARRIOS,12022102971018
1,2,3,CDE CENTRO ESCOLAR CAS EL ALTO DEL AGUACATE,13032710141019
1,2,3,CDE CENTRO ESCOLAR CAS EL ZUNGANO CANTON LOS ABELINES,13092710141143
1,2,3,CDE CENTRO ESCOLAR CAS SANTA LUCIA,12171403971027
1,2,3,CDE CENTRO ESCOLAR CASERIO CANTON LAS TERMOPILAS,05051011141015
1,2,3,CDE CENTRO ESCOLAR CASERIO COMUNIDAD TECPAN CANTON SITIO DEL NIÑO,05150711141030
1,2,3,CDE CENTRO ESCOLAR CASERIO DOS DE MAYO CANTON LA LABOR,05072210141030
1,2,3,CDE CENTRO ESCOLAR CASERIO EL CAMBIO CANTON CHANMICO,05151812141011
1,2,3,CDE CENTRO ESCOLAR CASERIO EL COYOLITO CANTON QUITASOL,06142102972040
1,2,3,CDE CENTRO ESCOLAR CASERIO EL MARTILLO CANTON SAN JOSE,11082310141010
1,2,3,CDE CENTRO ESCOLAR CASERIO EL MIRADOR CANTON EL ANGEL,05150711141014
1,2,3,CDE CENTRO ESCOLAR CASERIO EL MOJON CANTON LA FLOR,06132710141016
1,2,3,CDE CENTRO ESCOLAR CASERIO EL MORRAL CANTON SAN RAFAEL,05092102971035
1,2,3,CDE CENTRO ESCOLAR CASERIO EL PITAL CANTON ENTRE RIOS,05030711141027
1,2,3,CDE CENTRO ESCOLAR CASERIO EL TEMPISQUE CANTON TIERRA BLANCA,08212210141010
1,2,3,CDE CENTRO ESCOLAR CASERIO HERMOSA PROVINCIA CANTON LOURDES,05030711141019
1,2,3,CDE CENTRO ESCOLAR CASERIO LA LUCHITA,08212802971059
1,2,3,CDE CENTRO ESCOLAR CASERIO LAS ARBOLEDAS CANTON LOURDES,05032210141011
1,2,3,CDE CENTRO ESCOLAR CASERIO LOS FRAILES CANTON SITIO VIEJO,09031402971059
1,2,3,CDE CENTRO ESCOLAR CASERIO LOS MARRANITOS CANTON AZACUALPA,08213107141041
1,2,3,CDE CENTRO ESCOLAR CASERIO LOS TRONCOS CANTON SANTA ROSA,04162102971064
1,2,3,CDE CENTRO ESCOLAR CASERIO MENDEZ,06140703971243
1,2,3,CDE CENTRO ESCOLAR CASERIO NUEVA ESPERANZA CTON ZAMORANO,11082810141156
1,2,3,CDE CENTRO ESCOLAR CASERIO SAN FIDEL CANTON BANADERO,09020103991017
1,2,3,CDE CENTRO ESCOLAR CASERIO SANTO TOMAS,08050402991018
1,2,3,CDE CENTRO ESCOLAR CASERIO VILLA LA ESPERANZA CANTON CHANMICO,05152611141036
1,2,3,CDE CENTRO ESCOLAR CASTO VALLADARES,05151402971076
1,2,3,CDE CENTRO ESCOLAR CATARINO DE JESUS ORTIZ,08212102971015
1,2,3,CDE CENTRO ESCOLAR CATOLICO SAN LORENZO,02100411021019
1,2,3,CDE CENTRO ESCOLAR CEFERINO ALBERTO OSEGUEDA,11232802971052
1,2,3,CDE CENTRO ESCOLAR CENTRO AMERICA,09052102971011
1,2,3,CDE CENTRO ESCOLAR CESAR GUZMAN,06080703971011
1,2,3,CDE CENTRO ESCOLAR CHARLAIX,12061006991011
1,2,3,CDE CENTRO ESCOLAR CIRILO ANTONIO QUINTANILLA VARGAS,12010703971017
1,2,3,CDE CENTRO ESCOLAR CIUDAD CREDISA,06173006991029
1,2,3,CDE CENTRO ESCOLAR CIUDAD JARDIN,12172102971150
1,2,3,CDE CENTRO ESCOLAR CIUDAD JARDIN NO 3,12171402971120
1,2,3,CDE CENTRO ESCOLAR CIUDAD MARTELL REPUBLICA DE FRANCIA,12172802971142
1,2,3,CDE CENTRO ESCOLAR CLAUDIA LARS,08212802971040
1,2,3,CDE CENTRO ESCOLAR CLUB DE LEONES,14080703971020
1,2,3,CDE CENTRO ESCOLAR COL SAN JOSE,12172102971062
1,2,3,CDE CENTRO ESCOLAR COLONIA 22 DE ABRIL,06172102971059
1,2,3,CDE CENTRO ESCOLAR COLONIA ALVARADO,06142802971428
1,2,3,CDE CENTRO ESCOLAR COLONIA BUENA VISTA,14041402971038
1,2,3,CDE CENTRO ESCOLAR COLONIA CARRILLO CANTON PAPALON,12172802971150
1,2,3,CDE CENTRO ESCOLAR COLONIA CHAPARRASTIQUE SAN MIGUEL,12170503991029
1,2,3,CDE CENTRO ESCOLAR COLONIA EL BOSQUE CANTON SANTA LUCIA,05022212141013
1,2,3,CDE CENTRO ESCOLAR COLONIA EL CARMEN DEL CANTON ESPINO ABAJO,08212102971023
1,2,3,CDE CENTRO ESCOLAR COLONIA EL COCAL,12172802971169
1,2,3,CDE CENTRO ESCOLAR COLONIA EL COCO,05050311001014
1,2,3,CDE CENTRO ESCOLAR COLONIA EL MILAGRO,06122102971027
1,2,3,CDE CENTRO ESCOLAR COLONIA EL NARANJO,11231402971057
1,2,3,CDE CENTRO ESCOLAR COLONIA LA CARMENZA,12172102971044
1,2,3,CDE CENTRO ESCOLAR COLONIA LAS BRISAS,04162102971056
1,2,3,CDE CENTRO ESCOLAR COLONIA LAS CAÑAS,06020310971017
1,2,3,CDE CENTRO ESCOLAR COLONIA LAS MORITAS CANTON LAS MORAS,05032802971041
1,2,3,CDE CENTRO ESCOLAR COLONIA MANOA,12172102971206
1,2,3,CDE CENTRO ESCOLAR COLONIA SAN ANTONIO,06123005971019
1,2,3,CDE CENTRO ESCOLAR COLONIA SAN FELIPE,06072802971012
1,2,3,CDE CENTRO ESCOLAR COLONIA SAN FRANCISCO,12170801981036
1,2,3,CDE CENTRO ESCOLAR COLONIA SAN MARTIN DE PORRES,06131403971013
1,2,3,CDE CENTRO ESCOLAR COLONIA SAN RAFAEL,06172102971075
1,2,3,CDE CENTRO ESCOLAR COLONIA SAN SIMON,06081403971016
1,2,3,CDE CENTRO ESCOLAR COLONIA VERACRUZ CANTON SANBARTOLO,06072802971020
1,2,3,CDE CENTRO ESCOLAR COLONIA VILLA ALEGRE,06172802971084
1,2,3,CDE CENTRO ESCOLAR COLONIAL RIO GRANDE,12171811021010
1,2,3,CDE CENTRO ESCOLAR COLONIAS UNIDAS,12172102971192
1,2,3,CDE CENTRO ESCOLAR COMUNIDAD 10 DE OCTUBRE,06121402971049
1,2,3,CDE CENTRO ESCOLAR COMUNIDAD AARON JOAQUIN CANTON LA PALMA,06131710141010
1,2,3,CDE CENTRO ESCOLAR COMUNIDAD NUEVA CRUZADILLA DE SAN JUAN,11082810141130
1,2,3,CDE CENTRO ESCOLAR COMUNIDAD PLANES DE MARIONA CANTON SAN LUIS MARIONA,06041408131014
1,2,3,CDE CENTRO ESCOLAR COMUNIDAD SAN FRANCISCO HACIENDA ZAPOTITAN,05022802971054
1,2,3,CDE CENTRO ESCOLAR CONCEPCION QUEZALTEPEQUE,06142302011037
1,2,3,CDE CENTRO ESCOLAR CORONEL FRANCISCO LINARES,06141402971112
1,2,3,CDE CENTRO ESCOLAR CR CEGA CT TALCOMUNCA,03062310141077
1,2,3,CDE CENTRO ESCOLAR CR EL BEJUCO,02100111971082
1,2,3,CDE CENTRO ESCOLAR CR EL MACHO CT LOS ZELAYA,12181211141018
1,2,3,CDE CENTRO ESCOLAR CR EL PALMAR,03042711131014
1,2,3,CDE CENTRO ESCOLAR CR HDA SIHUANANGO CT SANTA EMILIA,03152310141025
1,2,3,CDE CENTRO ESCOLAR CR LOS ZAPES CT CHORRO ARRIBA,03062310141018
1,2,3,CDE CENTRO ESCOLAR CR LOTIF BUENOS AIRES 1 CT LOMA DL MUERTO,03152310141084
1,2,3,CDE CENTRO ESCOLAR CR LOTIF BUENOS AIRES 2 CT LOMA DEL MUERTO,03151606151011
1,2,3,CDE CENTRO ESCOLAR CR SAN CRISTOBVAL CT MIRAVALLES,03152611141012
1,2,3,CDE CENTRO ESCOLAR CR SANTA ADELAIDA CT EL MATAZANO,05042205981023
1,2,3,CDE CENTRO ESCOLAR CR SANTA CRISTINA CT EL PUENTE,05122205981027
1,2,3,CDE CENTRO ESCOLAR CR STA CRUZ TAZULA CT CHIQUIHUAT,03150206981027
1,2,3,CDE CENTRO ESCOLAR CRIO ROSARIO CEREN CANTON JOYA DE CEREN,06141403971159
1,2,3,CDE CENTRO ESCOLAR CRISTOBAL COLON,03092802971012
1,2,3,CDE CENTRO ESCOLAR CT HACIENDA NUEVA,11041402971010
1,2,3,CDE CENTRO ESCOLAR CT LAS MORAS,05032802971025
1,2,3,CDE CENTRO ESCOLAR CT LLANO ALEGRE OSICALA,13151802971013
1,2,3,CDE CENTRO ESCOLAR CT MOROPALA,00000000000006
1,2,3,CDE CENTRO ESCOLAR CT OJO DE AGUA,11230509971010
1,2,3,CDE CENTRO ESCOLAR CT POTRERILLOS,06161408131036
1,2,3,CDE CENTRO ESCOLAR CT QUEBRADA ESPAÑOLA,03062310141069
1,2,3,CDE CENTRO ESCOLAR CT SABANA DE SAN JUAN NAHUIZALCO,06140406981094
1,2,3,CDE CENTRO ESCOLAR CT SAN JOSE GUALOSO,12172201971013
1,2,3,CDE CENTRO ESCOLAR CT TIERRA BLANCA,08212408011015
1,2,3,CDE CENTRO ESCOLAR CTON PRIMAVERA,12070801981015
1,2,3,CDE CENTRO ESCOLAR CUSCATLAN,08190402991022
1,2,3,CDE CENTRO ESCOLAR DANIEL HERNANDEZ,05110703971049
1,2,3,CDE CENTRO ESCOLAR DAVID J GUZMAN,12061402971015
1,2,3,CDE CENTRO ESCOLAR DE AGUA CALIENTE,04012102971046
1,2,3,CDE CENTRO ESCOLAR DE ANAMOROS,14010402991010
1,2,3,CDE CENTRO ESCOLAR DE ARAMBALA,12170703971022
1,2,3,CDE CENTRO ESCOLAR DE CHINAMECA,12050703971019
1,2,3,CDE CENTRO ESCOLAR DE CINQUERA,09012104981012
1,2,3,CDE CENTRO ESCOLAR DE CIUDAD ARCE,05022102971037
1,2,3,CDE CENTRO ESCOLAR DE EREGUAYQUIN,11060703971010
1,2,3,CDE CENTRO ESCOLAR DE HUIZUCAR,05060111971014
1,2,3,CDE CENTRO ESCOLAR DE JUAYUA,03072802971017
1,2,3,CDE CENTRO ESCOLAR DE JUCUAPA,11081402971018
1,2,3,CDE CENTRO ESCOLAR DE LA COLONIA LA PONDEROSA,06141403971183
1,2,3,CDE CENTRO ESCOLAR DE LA COLONIA SANTA MARTA,03152802971058
1,2,3,CDE CENTRO ESCOLAR DE LOLOTIQUILLO,13132802971039
1,2,3,CDE CENTRO ESCOLAR DE MERCEDES UMAÑA,11112103971017
1,2,3,CDE CENTRO ESCOLAR DE NOMBRE DE JESUS,04152102971018
1,2,3,CDE CENTRO ESCOLAR DE NUEVA GUADALUPE,12100702971012
1,2,3,CDE CENTRO ESCOLAR DE OZATLAN,11132102971014
1,2,3,CDE CENTRO ESCOLAR DE POTONICO,04190203011014
1,2,3,CDE CENTRO ESCOLAR DE QUEZALTEPEQUE,05122102971023
1,2,3,CDE CENTRO ESCOLAR DE SAN AGUSTIN,11152102971015
1,2,3,CDE CENTRO ESCOLAR DE SAN BUENAVENTURA,11160702971011
1,2,3,CDE CENTRO ESCOLAR DE SAN ISIDRO,09052103011011
1,2,3,CDE CENTRO ESCOLAR DE SANTA CLARA,10040702971016
1,2,3,CDE CENTRO ESCOLAR DE TEPECOYO,05211403971013
1,2,3,CDE CENTRO ESCOLAR DE YAYANTIQUE,14172802971026
1,2,3,CDE CENTRO ESCOLAR DOCTOR ADRIAN GARCIA,10062802971013
1,2,3,CDE CENTRO ESCOLAR DOCTOR ALONSO REYES GUERRA,11022901971019
1,2,3,CDE CENTRO ESCOLAR DOCTOR ANTONIO DIAZ,06160806781019
1,2,3,CDE CENTRO ESCOLAR DOCTOR ARTURO ROMERO,06032802971010
1,2,3,CDE CENTRO ESCOLAR DOCTOR ARTURO ROSALES,11131402971010
1,2,3,CDE CENTRO ESCOLAR DOCTOR DOROTEO VASCONCELOS,06032407011016
1,2,3,CDE CENTRO ESCOLAR DOCTOR ESTEBAN CASTRO,10052102971017
1,2,3,CDE CENTRO ESCOLAR DOCTOR EUSEBIO CORDONCEA,06142802971657
1,2,3,CDE CENTRO ESCOLAR DOCTOR HUGO LINDO,14080111971087
1,2,3,CDE CENTRO ESCOLAR DOCTOR IRENEO CHACON,09072102971012
1,2,3,CDE CENTRO ESCOLAR DOCTOR JOAQUIN JULE GALVEZ,08190111971016
1,2,3,CDE CENTRO ESCOLAR DOCTOR JOSE CIRO BRITO,03082102971016
1,2,3,CDE CENTRO ESCOLAR DOCTOR MANUEL QUIJANO HERNANDEZ J/SESORI,12192102971010
1,2,3,CDE CENTRO ESCOLAR DOCTOR ORLANDO DE SOLA,06192507011010
1,2,3,CDE CENTRO ESCOLAR DOCTOR RAFAEL SEVERO LOPEZ,12051603011014
1,2,3,CDE CENTRO ESCOLAR DOCTOR SALVADOR MENDIETA,05140703971010
1,2,3,CDE CENTRO ESCOLAR DOCTOR VICTORINO AYALA,08012802971017
1,2,3,CDE CENTRO ESCOLAR DOLORES C RETES,12171503991025
1,2,3,CDE CENTRO ESCOLAR DOLORES SOUZA,12172809971053
1,2,3,CDE CENTRO ESCOLAR DOMINGO FAUSTINO SARMIENTO,06122102971019
1,2,3,CDE CENTRO ESCOLAR DOMINGO SANTOS,10082102971013
1,2,3,CDE CENTRO ESCOLAR DORCTOR DARIO GONZALEZ,06141402971350
1,2,3,CDE CENTRO ESCOLAR DR ANDRES GONZALEZ FUNES,07102802971020
1,2,3,CDE CENTRO ESCOLAR DR DARIO GONZALEZ,10102103971018
1,2,3,CDE CENTRO ESCOLAR DR DAVID TURCIOS,13042802971013
1,2,3,CDE CENTRO ESCOLAR DR EDUARDO ENRIQUE BARRIENTOS,06140606971115
1,2,3,CDE CENTRO ESCOLAR DR FRANCISCO ANTONIO LIMA,05072102971018
1,2,3,CDE CENTRO ESCOLAR DR HUMBERTO QUINTERO,06140111971216
1,2,3,CDE CENTRO ESCOLAR DR HUMBERTO ROMERO ALBERGUE,03162102971010
1,2,3,CDE CENTRO ESCOLAR DR JOSE ANTONIO RODRIGUEZ PORTH,06142103971145
1,2,3,CDE CENTRO ESCOLAR DR MANUEL CASTRO RAMIREZ CANTON SAN PEDRO ARENALES,12051402971028
1,2,3,CDE CENTRO ESCOLAR DR RAMON ROSA,13230703971029
1,2,3,CDE CENTRO ESCOLAR DR SALVADOR AYALA,06142102971168
1,2,3,CDE CENTRO ESCOLAR EDELMIRA MOLINA,06191402971039
1,2,3,CDE CENTRO ESCOLAR EDUARDO GUIROLA,05090111971010
1,2,3,CDE CENTRO ESCOLAR EL CARMEN,14052102971011
1,2,3,CDE CENTRO ESCOLAR EL DORADO,04072102971049
1,2,3,CDE CENTRO ESCOLAR EL PARAISAL,11042404981010
1,2,3,CDE CENTRO ESCOLAR EL PROGRESO,06170404011019
1,2,3,CDE CENTRO ESCOLAR EL SAUCE,03162805031019
1,2,3,CDE CENTRO ESCOLAR EL TRANSITO,12070102971012
1,2,3,CDE CENTRO ESCOLAR ELISEO HENRIQUEZ,12042502971018
1,2,3,CDE CENTRO ESCOLAR EMILIA MERCHE,06142402001063
1,2,3,CDE CENTRO ESCOLAR ERNESTO LIEBES,12100406011011
1,2,3,CDE CENTRO ESCOLAR ESC RM CANTON GUALLINAC,11012802971010
1,2,3,CDE CENTRO ESCOLAR ESCUELA DE EDUCACION PARVULARIA DE GUATAJIAGUA,13092102971028
1,2,3,CDE CENTRO ESCOLAR ESPAÑA,06141804971100
1,2,3,CDE CENTRO ESCOLAR ESTADO DE ISRAEL,03081403971015
1,2,3,CDE CENTRO ESCOLAR ESTADOS UNIDOS DE AMERICA,05040703971016
1,2,3,CDE CENTRO ESCOLAR EULOGIA RIVAS,07021403971017
1,2,3,CDE CENTRO ESCOLAR EXALTACION POMPILIO  SALGADO RIVERA,12171812021014
1,2,3,CDE CENTRO ESCOLAR FABIO CASTILLO,06070111971013
1,2,3,CDE CENTRO ESCOLAR FABIO IGNACIO MAGAÑA,08022802971020
1,2,3,CDE CENTRO ESCOLAR FE Y ALEGRIA,12170702971010
1,2,3,CDE CENTRO ESCOLAR FEDERICO ARNOLDO GARCIA PRIETO HIRLEMAM,12092102971032
1,2,3,CDE CENTRO ESCOLAR FERMIN VELASCO,09062802971069
1,2,3,CDE CENTRO ESCOLAR FERNANDO PORTILLO   ESTANZUELAS,11072802971012
1,2,3,CDE CENTRO ESCOLAR FINCA EL SALTO,01070703971042
1,2,3,CDE CENTRO ESCOLAR FRANCISCO A GAMBOA,06142102972172
1,2,3,CDE CENTRO ESCOLAR FRANCISCO ANTONIO LIMA,11192302971011
1,2,3,CDE CENTRO ESCOLAR FRANCISCO CASTAÑEDA,08222802971011
1,2,3,CDE CENTRO ESCOLAR FRANCISCO GAVIDIA,06142102971940
1,2,3,CDE CENTRO ESCOLAR FRAY BARTOLOME DE LAS CASAS,03071403971028
1,2,3,CDE CENTRO ESCOLAR FRAY BARTOLOME DE LASCASAS,04101402971024
1,2,3,CDE CENTRO ESCOLAR FRAY FLAVIAN MUCCI,06142102971656
1,2,3,CDE CENTRO ESCOLAR FRAY PATRICIO RUIZ,03152102971022
1,2,3,CDE CENTRO ESCOLAR GENERAL FRANCISCO    MORAZAN,06142102971265
1,2,3,CDE CENTRO ESCOLAR GENERAL FRANCISCO MENENDEZ,06140402991028
1,2,3,CDE CENTRO ESCOLAR GENERAL FRANCISCO MORAZAN,06140703971359
1,2,3,CDE CENTRO ESCOLAR GENERAL FRANCISCO MORAZAN J/JOCORO,13122802971025
1,2,3,CDE CENTRO ESCOLAR GENERAL GERARDO BARRIOS,13092102971010
1,2,3,CDE CENTRO ESCOLAR GENERAL JOSE MARIA PERALTA LAGOS,06071402971017
1,2,3,CDE CENTRO ESCOLAR GENERAL MANUEL BELGRANO,06161403971010
1,2,3,CDE CENTRO ESCOLAR GENERAL MANUEL JOSE ARCE,04050108991013
1,2,3,CDE CENTRO ESCOLAR GENERAL RAMON BELLOSO,06141403971191
1,2,3,CDE CENTRO ESCOLAR GENERAL SALVADOR CASTANEDA CASTRO,06140111971267
1,2,3,CDE CENTRO ESCOLAR GENERAL TOMAS REGALADO,07070703971010
1,2,3,CDE CENTRO ESCOLAR GILBERTO AUGUSTO CARCAMO,06141804971097
1,2,3,CDE CENTRO ESCOLAR GLORIA ARGUELLO DE SILVA,12170703971049
1,2,3,CDE CENTRO ESCOLAR GRAL FRANCISCO MENENDEZ,01031402971017
1,2,3,CDE CENTRO ESCOLAR GREGORIO ALVAREZ NUÑEZ,00000000000009
1,2,3,CDE CENTRO ESCOLAR GREGORIO MELARA,11232102971019
1,2,3,CDE CENTRO ESCOLAR GUILLERMO DE JESUS RAMIREZ CARRANZA,12171910971012
1,2,3,CDE CENTRO ESCOLAR GUILLERMO SCHMIDT,05212102971014
1,2,3,CDE CENTRO ESCOLAR GUSTAVO MARROQUIN,06141403971167
1,2,3,CDE CENTRO ESCOLAR HACIENDA BOLA DE MONTE,01082802971036
1,2,3,CDE CENTRO ESCOLAR HACIENDA CANTORA,12172102971109
1,2,3,CDE CENTRO ESCOLAR HACIENDA COPAPAYO CTON TRES CEIBAS,03020111971015
1,2,3,CDE CENTRO ESCOLAR HACIENDA EL GUAYABAL,12170703971120
1,2,3,CDE CENTRO ESCOLAR HACIENDA EL TERCIO CANTON SAN JOSE,11082102971025
1,2,3,CDE CENTRO ESCOLAR HDA LAS VICTORIAS CT EL ZAPOTE,03032310141038
1,2,3,CDE CENTRO ESCOLAR HENRY ORTIZ,13112710141020
1,2,3,CDE CENTRO ESCOLAR HERBERT DE SOLA,12171403971078
1,2,3,CDE CENTRO ESCOLAR HERBERT DE SOLA CODIGO 11073,05072309971018
1,2,3,CDE CENTRO ESCOLAR IGNACIA CRUZ CASTRO,06071909971019
1,2,3,CDE CENTRO ESCOLAR IGNACIO PACHECO CASTRO,06122102971035
1,2,3,CDE CENTRO ESCOLAR ING JOSE NAPOLEON DUARTE,06022802971058
1,2,3,CDE CENTRO ESCOLAR INGENIERO ANTONIO MEJIA,12082102971010
1,2,3,CDE CENTRO ESCOLAR INGENIERO CARLOS ARMANDO VELASQUEZ SERRANO,07091801021019
1,2,3,CDE CENTRO ESCOLAR INGENIERO ROBERTO QUIÑONEZ S,05032802971050
1,2,3,CDE CENTRO ESCOLAR INSTITUTO NACIONAL DE SOCIEDAD,13231206961016
1,2,3,CDE CENTRO ESCOLAR ISAAC RUIZ ARAUJO,07152802971044
1,2,3,CDE CENTRO ESCOLAR ISABEL LA CATOLICA,09030703971031
1,2,3,CDE CENTRO ESCOLAR JACQUELINE KENNEDY,11122210981012
1,2,3,CDE CENTRO ESCOLAR JAPON,06081206961017
1,2,3,CDE CENTRO ESCOLAR JARDINES DE LA SABANA,05112802971053
1,2,3,CDE CENTRO ESCOLAR JARDINES DE MONTE BLANCO,06142102971303
1,2,3,CDE CENTRO ESCOLAR JARDINES DE SAN BARTOLO,06072802971039
1,2,3,CDE CENTRO ESCOLAR JARDINES DE SELT SUTT,06071402971025
1,2,3,CDE CENTRO ESCOLAR JERONIMO ABARCA,09032802971011
1,2,3,CDE CENTRO ESCOLAR JOHN F KENNEDY,06072102971011
1,2,3,CDE CENTRO ESCOLAR JORGE LARDE,03060703971044
1,2,3,CDE CENTRO ESCOLAR JORGE WASHINGTON EL  DIVISADERO,13062802971022
1,2,3,CDE CENTRO ESCOLAR JOSE AMADEO CEDILLOS,11132802971015
1,2,3,CDE CENTRO ESCOLAR JOSE ANTONIO LAZO,14161009011010
1,2,3,CDE CENTRO ESCOLAR JOSE ANTONIO MORA CANTON PLANES SEGUNDOS,12051911941011
1,2,3,CDE CENTRO ESCOLAR JOSE ANTONIO SALAVERRIA,06140411141096
1,2,3,CDE CENTRO ESCOLAR JOSE EVARISTO MEJIA,12081209971017
1,2,3,CDE CENTRO ESCOLAR JOSE MARIA CACERES,05221402971015
1,2,3,CDE CENTRO ESCOLAR JOSE MARIANO CALDERON,06152102971031
1,2,3,CDE CENTRO ESCOLAR JOSE MARTI,06140111972034
1,2,3,CDE CENTRO ESCOLAR JOSE MATIAS DELGADO,06141402971147
1,2,3,CDE CENTRO ESCOLAR JOSE MEJIA,06142102972148
1,2,3,CDE CENTRO ESCOLAR JOSE QUETGLAS,06141402971210
1,2,3,CDE CENTRO ESCOLAR JOSE RAMON BARAHONA,11082410141084
1,2,3,CDE CENTRO ESCOLAR JOSE SIMEON CAÑAS,06142802971320
1,2,3,CDE CENTRO ESCOLAR JOSE VAQUERANO,08213006991010
1,2,3,CDE CENTRO ESCOLAR JUAN DE DIOS DEL CID,06142102971893
1,2,3,CDE CENTRO ESCOLAR JUAN JOSE CAÑAS,06142205981080
1,2,3,CDE CENTRO ESCOLAR JUAN JOSE SOLORZANO,03020402991013
1,2,3,CDE CENTRO ESCOLAR JUAN PABLO ESPINOZA,12152102971019
1,2,3,CDE CENTRO ESCOLAR JUAN RAMON JIMENEZ,05122802971059
1,2,3,CDE CENTRO ESCOLAR JUAN RAMON URIARTE,06142102971540
1,2,3,CDE CENTRO ESCOLAR JUANA LOPEZ,06192009031012
1,2,3,CDE CENTRO ESCOLAR JULIAN APARICIO,12050703971035
1,2,3,CDE CENTRO ESCOLAR JULIAN VASQUEZ ROJAS,03011402971013
1,2,3,CDE CENTRO ESCOLAR JULIO ENRIQUE AVILA,04132102971033
1,2,3,CDE CENTRO ESCOLAR LA CIMA DOS,06182003001019
1,2,3,CDE CENTRO ESCOLAR LA PAZ,06142802971819
1,2,3,CDE CENTRO ESCOLAR LA PONDEROSA,06021706981011
1,2,3,CDE CENTRO ESCOLAR LAURA URQUILLA VIUDA DE AZURDIA,09092807011019
1,2,3,CDE CENTRO ESCOLAR LEONARDO AZCUNAGA,06170703971029
1,2,3,CDE CENTRO ESCOLAR LIC WALTER BENEKE,05180705011016
1,2,3,CDE CENTRO ESCOLAR LICENCIADA LESLIE S. VOGEL,12171402971023
1,2,3,CDE CENTRO ESCOLAR LICENCIADO ALFREDO FELIX CRISTIANI BURKARD,06022102971014
1,2,3,CDE CENTRO ESCOLAR LICENCIADO JUAN JOSE  GUZMAN,13172802971049
1,2,3,CDE CENTRO ESCOLAR LICENCIADO RENATO NOYOLA,06022504011017
1,2,3,CDE CENTRO ESCOLAR LIGA PANAMERICANA,06141402971368
1,2,3,CDE CENTRO ESCOLAR LISANDRO LARIN ZEPEDA,03012102971018
1,2,3,CDE CENTRO ESCOLAR LOTIF LOS AMATES CT STA EMILIA,03152310141076
1,2,3,CDE CENTRO ESCOLAR LUCIA DE VILLACORTA,08212102971031
1,2,3,CDE CENTRO ESCOLAR LUZ DE SOTOMAYOR,05092802971079
1,2,3,CDE CENTRO ESCOLAR LUZ GOMEZ,02072802971050
1,2,3,CDE CENTRO ESCOLAR MANUEL ALVAREZ MAGAÑA,01031402971025
1,2,3,CDE CENTRO ESCOLAR MANUEL JOSE ARCE,12172802971134
1,2,3,CDE CENTRO ESCOLAR MANUELA EDELMIRA CORDOVA,11231402971065
1,2,3,CDE CENTRO ESCOLAR MARCELINO GARCIA FLAMENCO,05112802771062
1,2,3,CDE CENTRO ESCOLAR MARIA ESCOBAR GRANILLO,12172701001010
1,2,3,CDE CENTRO ESCOLAR MARIA LUCINDA VARGAS,12202102971016
1,2,3,CDE CENTRO ESCOLAR MARIA LUISA PARADA,12092102971024
1,2,3,CDE CENTRO ESCOLAR MARIA LUISA VIUDA DE MARIN,10070703971012
1,2,3,CDE CENTRO ESCOLAR MARIA PAZ CRISTINA MONTES,13142710141060
1,2,3,CDE CENTRO ESCOLAR MARIO GOMEZ,14040111971042
1,2,3,CDE CENTRO ESCOLAR MENENDEZ,06140111971860
1,2,3,CDE CENTRO ESCOLAR METROPOLITANO,04072102971065
1,2,3,CDE CENTRO ESCOLAR MIGUEL ANGEL GARCIA,05122802971016
1,2,3,CDE CENTRO ESCOLAR MIGUEL ELIAS GUILLEN,04162102971030
1,2,3,CDE CENTRO ESCOLAR MIGUEL GUEVARA,11201403971011
1,2,3,CDE CENTRO ESCOLAR MILAGRO DE LA PAZ,12171402971040
1,2,3,CDE CENTRO ESCOLAR MIRTALA YANEZ DE JIMENEZ,14111402971028
1,2,3,CDE CENTRO ESCOLAR MONSEÑOR OSCAR ARNULFO ROMERO Y GALDAMEZ,12071402971010
1,2,3,CDE CENTRO ESCOLAR MORELIA,08190703971019
1,2,3,CDE CENTRO ESCOLAR NAPOLEON RIOS,06140111971259
1,2,3,CDE CENTRO ESCOLAR NATALIA LOPEZ,05160703971011
1,2,3,CDE CENTRO ESCOLAR NEMESIA LUNA,05182102971012
1,2,3,CDE CENTRO ESCOLAR NESTOR SALAMANCA,07022802971043
1,2,3,CDE CENTRO ESCOLAR NIÑO JESUS DE PRAGA,12171402971082
1,2,3,CDE CENTRO ESCOLAR ORGANIZACION DE ESTADOS IBEROAMERICANOS,05112802971037
1,2,3,CDE CENTRO ESCOLAR PABLO J AGUIRRE,12172802971037
1,2,3,CDE CENTRO ESCOLAR PARAISO REAL,14062907630015
1,2,3,CDE CENTRO ESCOLAR PEDRO PABLO CASTILLO,05102102971014
1,2,3,CDE CENTRO ESCOLAR PLAYA LOS COBANOS,06142102971389
1,2,3,CDE CENTRO ESCOLAR PLAYA SAN DIEGO,05092802971044
1,2,3,CDE CENTRO ESCOLAR PONCIANA RAMIREZ,04332802971050
1,2,3,CDE CENTRO ESCOLAR PRESBITERO JOSE LUIS MARTINEZ,03070703971023
1,2,3,CDE CENTRO ESCOLAR PRESBITERO NICOLAS AGUILAR,06181402971017
1,2,3,CDE CENTRO ESCOLAR PRESBITERO NORBERTO CRUZ,13190601971014
1,2,3,CDE CENTRO ESCOLAR PRESBITERO NORBERTO MARROQUIN,10132102971029
1,2,3,CDE CENTRO ESCOLAR PRESBITERO RAFAEL PAZFUENTES,06142102971150
1,2,3,CDE CENTRO ESCOLAR PRESBITERO RAUL ANTONIO RIVAS,04032102971012
1,2,3,CDE CENTRO ESCOLAR PROF CONCEPCION ALEMAN CORDOVA,11232802971028
1,2,3,CDE CENTRO ESCOLAR PROF DOLORES DE      JESUS MONTOYA,11212802971019
1,2,3,CDE CENTRO ESCOLAR PROF LILIAN ISABEL   PEÑA DE ORELLANA,12172010991014
1,2,3,CDE CENTRO ESCOLAR PROF Y DR EFRAIN   JOVEL,11080703971011
1,2,3,CDE CENTRO ESCOLAR PROFESOR DANIEL CORDON SALGUERO,06172802971017
1,2,3,CDE CENTRO ESCOLAR PROFESOR FRANCISCO MORAN,04302102971010
1,2,3,CDE CENTRO ESCOLAR PROFESOR IRENEO DE LEON,08101202021018
1,2,3,CDE CENTRO ESCOLAR PROFESOR JESUS LEOCADIO PALENCIA,05172802971013
1,2,3,CDE CENTRO ESCOLAR PROFESOR JORGE SALOMON GRANADOS,12051102971018
1,2,3,CDE CENTRO ESCOLAR PROFESOR JOSE ANGEL CASTILLO,09062102991018
1,2,3,CDE CENTRO ESCOLAR PROFESOR JUAN OSCAR SALOMON,08210202891010
1,2,3,CDE CENTRO ESCOLAR PROFESOR JUAN ROBERTO JUAREZ,09030111971047
1,2,3,CDE CENTRO ESCOLAR PROFESOR JUSTO GONZALEZ,06122908971019
1,2,3,CDE CENTRO ESCOLAR PROFESOR LISANDRO AREVALO,11112802971030
1,2,3,CDE CENTRO ESCOLAR PROFESOR LUIS SAMUEL CACERES,12082802971011
1,2,3,CDE CENTRO ESCOLAR PROFESOR RAFAEL OSORIO HIJO,08170111971015
1,2,3,CDE CENTRO ESCOLAR PROFESOR SAUL FLORES,11092402971014
1,2,3,CDE CENTRO ESCOLAR PROFESORA ANA ROGELIA CRUZ,11091307621018
1,2,3,CDE CENTRO ESCOLAR PROFESORA BLANCA RAMIREZ DE AVILES,11231402971030
1,2,3,CDE CENTRO ESCOLAR PROFESORA HERMINIA MARTINEZ ALVARENGA,06142802971533
1,2,3,CDE CENTRO ESCOLAR PROFESORA JOSEFA     VALLE DE FUENTES,13192802971058
1,2,3,CDE CENTRO ESCOLAR PROFESORA MARIA INOCENCIA DE PAREDES,06182102971046
1,2,3,CDE CENTRO ESCOLAR PROFESORA MARIA JULIAALVARADO MADRID DE GARCIA,05122802971032
1,2,3,CDE CENTRO ESCOLAR PROFESORA ROMILIA SILVA DE RODRIGUEZ,06141402971295
1,2,3,CDE CENTRO ESCOLAR PRUDENCIA AYALA,03152310141165
1,2,3,CDE CENTRO ESCOLAR PUERTO EL TRIUNFO,11142103971013
1,2,3,CDE CENTRO ESCOLAR RAFAEL BARRAZA RODRIGUEZ,07031403971012
1,2,3,CDE CENTRO ESCOLAR RAFAELA SOTOMAYOR DE ALARCIA,06140703971405
1,2,3,CDE CENTRO ESCOLAR RAMIRO MARTINEZ PINEDA,11082802971042
1,2,3,CDE CENTRO ESCOLAR RAMON MENDOZA,14121403971019
1,2,3,CDE CENTRO ESCOLAR REFUGIO DE LA PAZ,05111403971027
1,2,3,CDE CENTRO ESCOLAR REFUGIO SIFONTES,06191402971012
1,2,3,CDE CENTRO ESCOLAR REINO DE DINAMARCA,06171209971012
1,2,3,CDE CENTRO ESCOLAR REINO DE HOLANDA,06192102971050
1,2,3,CDE CENTRO ESCOLAR REINO DE SUECIA,06081704011018
1,2,3,CDE CENTRO ESCOLAR RENE ARMANDO ARCE SUAREZ,06142102971400
1,2,3,CDE CENTRO ESCOLAR REPARTO LOS SANTOS,06170905971012
1,2,3,CDE CENTRO ESCOLAR REPARTO VALLE NUEVO,06142802971134
1,2,3,CDE CENTRO ESCOLAR REPUBLICA DE ALEMANIA,06142103971170
1,2,3,CDE CENTRO ESCOLAR REPUBLICA DE COLOMBIA,06141403971264
1,2,3,CDE CENTRO ESCOLAR REPUBLICA DE COREA,06172203011013
1,2,3,CDE CENTRO ESCOLAR REPUBLICA DE COSTA RICA,06142802971339
1,2,3,CDE CENTRO ESCOLAR REPUBLICA DE FRANCIA,06082802971026
1,2,3,CDE CENTRO ESCOLAR REPUBLICA DE GUATEMALA,06141403971086
1,2,3,CDE CENTRO ESCOLAR REPUBLICA DE HAITI,03152802971040
1,2,3,CDE CENTRO ESCOLAR REPUBLICA DE HONDURAS,04070703971019
1,2,3,CDE CENTRO ESCOLAR REPUBLICA DE LIBANO,06142802971576
1,2,3,CDE CENTRO ESCOLAR REPUBLICA DE NICARAGUA,06142802971506
1,2,3,CDE CENTRO ESCOLAR REPUBLICA DE NICARAGUA .,06142802971509
1,2,3,CDE CENTRO ESCOLAR REPUBLICA DEL ECUADOR,06141402971120
1,2,3,CDE CENTRO ESCOLAR REPUBLICA DOMINICANA,06082102971041
1,2,3,CDE CENTRO ESCOLAR REPUBLICA FEDERADA CENTROAMERICANA,06140111971232
1,2,3,CDE CENTRO ESCOLAR REPUBLICA FEDERAL CENTROAMERICANA,11082802971026
1,2,3,CDE CENTRO ESCOLAR REPUBLICA ORIENTAL DEL URUGUAY,06083005971017
1,2,3,CDE CENTRO ESCOLAR RESIDENCIAL LA PRADERA,12171706021030
1,2,3,CDE CENTRO ESCOLAR REYES ZELAYA,11181403971010
1,2,3,CDE CENTRO ESCOLAR RICARDO TRIGUEROS DE LEON,06141402971236
1,2,3,CDE CENTRO ESCOLAR ROBERTO EDMUNDO CANESSA,11182102971020
1,2,3,CDE CENTRO ESCOLAR ROQUE DALTON,06011402971014
1,2,3,CDE CENTRO ESCOLAR RUBEN DARIO,06162802971011
1,2,3,CDE CENTRO ESCOLAR SACACOYO,05132802971011
1,2,3,CDE CENTRO ESCOLAR SAGRADO CORAZON,12172802971096
1,2,3,CDE CENTRO ESCOLAR SALARRUE,04311402971029
1,2,3,CDE CENTRO ESCOLAR SALOMON DAVID GONZALEZ,03060606971013
1,2,3,CDE CENTRO ESCOLAR SALVADOR MARTINEZ FIGUEROA,02130111971038
1,2,3,CDE CENTRO ESCOLAR SAN AGUSTIN,08212802971032
1,2,3,CDE CENTRO ESCOLAR SAN ANTONAIO ABAD,06142102971923
1,2,3,CDE CENTRO ESCOLAR SAN ANTONIO,06172807031012
1,2,3,CDE CENTRO ESCOLAR SAN ARTURO,05090605981019
1,2,3,CDE CENTRO ESCOLAR SAN BARTOLOME PERULAPIA,07071403971014
1,2,3,CDE CENTRO ESCOLAR SAN CRISTOBAL,07082802971011
1,2,3,CDE CENTRO ESCOLAR SAN FRANCISCO,08212802971121
1,2,3,CDE CENTRO ESCOLAR SAN FRANCISCO GOTERA,13192102771015
1,2,3,CDE CENTRO ESCOLAR SAN LUIS DE LA REINA,12161206961022
1,2,3,CDE CENTRO ESCOLAR SAN LUIS LA HERRADURA,08220312011017
1,2,3,CDE CENTRO ESCOLAR SAN MARCOS,06120703971021
1,2,3,CDE CENTRO ESCOLAR SAN MARTIN DE PORRES,06021811021015
1,2,3,CDE CENTRO ESCOLAR SANTA AGUEDA,03011505981025
1,2,3,CDE CENTRO ESCOLAR SANTA EDUVIGES,06171806991016
1,2,3,CDE CENTRO ESCOLAR SANTA RITA,04321610981017
1,2,3,CDE CENTRO ESCOLAR SANTIAGO DE MARIA,11211902460013
1,2,3,CDE CENTRO ESCOLAR SANTIAGO ORELLANA ZELAYA,11042102971058
1,2,3,CDE CENTRO ESCOLAR SANTOS NOVOA,05150703971040
1,2,3,CDE CENTRO ESCOLAR SARA PALMA DE JULE,06022102971057
1,2,3,CDE CENTRO ESCOLAR SARA POHL DE BORGONOVO,12090801981016
1,2,3,CDE CENTRO ESCOLAR SOLEDAD MELARA DE ARGUETA,08192802971023
1,2,3,CDE CENTRO ESCOLAR SOR HENRIQUEZ,09032103971022
1,2,3,CDE CENTRO ESCOLAR SRA ROSA HIRLEMAM DE GARCIA PRIETO,12052302011015
1,2,3,CDE CENTRO ESCOLAR SUSANA RODRIGUEZ VIUDA DE DUKE,11050302971012
1,2,3,CDE CENTRO ESCOLAR TENIENTE CORONEL JOSECARLOS FLORES BENITEZ,08182102971019
1,2,3,CDE CENTRO ESCOLAR TEODORO MORENO,02102102971021
1,2,3,CDE CENTRO ESCOLAR TOMAS ALVA EDISON,07112802971018
1,2,3,CDE CENTRO ESCOLAR TOMAS MEDINA,02102102971048
1,2,3,CDE CENTRO ESCOLAR UNION CENTROAMERICANA,06142102971362
1,2,3,CDE CENTRO ESCOLAR UNION PANAMERICANA,12172102971281
1,2,3,CDE CENTRO ESCOLAR URBANIZACION CALIFORNIA,12171402971015
1,2,3,CDE CENTRO ESCOLAR URBANIZACION CUMBRES DE SAN BARTOLO,06181408131070
1,2,3,CDE CENTRO ESCOLAR URBANIZACION LOS ANGELES,06172802971068
1,2,3,CDE CENTRO ESCOLAR URBANIZACION SANTA TERESA,06131403971010
1,2,3,CDE CENTRO ESCOLAR VALLE DEL SOL,06022102971065
1,2,3,CDE CENTRO ESCOLAR VALLE VERDE,06020303991029
1,2,3,CDE CENTRO ESCOLAR VICENTE ACOSTA,06021403971021
1,2,3,CDE CENTRO ESCOLAR VICTORIA TERESA MENENDEZ V DE ESCALANTE,06142102971842
1,2,3,CDE CENTRO ESCOLAR VICTORIA ZELAYA,14081910981016
1,2,3,CDE CENTRO ESCOLAR VISTA HERMOSA CASERIO CEIBILLA CANTON CONDADILLO,11070402991011
1,2,3,CDE CENTRO ESCOLAR WALTER THILO DEININGER,05012801971012
1,2,3,CDE CENTRO ESCOLARCANTON LA HACHADURA,06140703971260
1,2,3,CDE CENTROESCOLAR DE SANTA ELENA,11182102971038
1,2,3,CDE COMPLEJO EDUCATICO MARCOS GOMEZ NUÑEZ,07020504681013
1,2,3,"CDE COMPLEJO EDUCATIVO "" DOCTOR MICHAEL DE WITTE""",11082410141017
1,2,3,CDE COMPLEJO EDUCATIVO 10 DE OCTUBRE 1987,09082110141075
1,2,3,CDE COMPLEJO EDUCATIVO ALICIA CISNEROS DE ZELAYANDIA,11101211141010
1,2,3,CDE COMPLEJO EDUCATIVO AMINTA DE MONTIEL,12171812021022
1,2,3,CDE COMPLEJO EDUCATIVO ANTONIO ALFARO,06141403971175
1,2,3,CDE COMPLEJO EDUCATIVO BARRA DE SANTIAGO,06140204981106
1,2,3,CDE COMPLEJO EDUCATIVO CACIQUE,14050111971021
1,2,3,CDE COMPLEJO EDUCATIVO CANTON AGUA FRIA,14140111971071
1,2,3,CDE COMPLEJO EDUCATIVO CANTON ATIOCOYO,05171011141037
1,2,3,CDE COMPLEJO EDUCATIVO CANTON EL COCO,06140111971976
1,2,3,CDE COMPLEJO EDUCATIVO CANTON EL JAGUEY,14041402971046
1,2,3,CDE COMPLEJO EDUCATIVO CANTON EL JOCOTE,05162102971017
1,2,3,CDE COMPLEJO EDUCATIVO CANTON EL ZUNZAL,05182802971027
1,2,3,CDE COMPLEJO EDUCATIVO CANTON GUADALUPE LA ZORRA,08220603141015
1,2,3,CDE COMPLEJO EDUCATIVO CANTON JOYAS DE GIRON,08053107141010
1,2,3,CDE COMPLEJO EDUCATIVO CANTON LAS ANIMAS,10082802971014
1,2,3,CDE COMPLEJO EDUCATIVO CANTON LAS ISLETAS,08151403971011
1,2,3,CDE COMPLEJO EDUCATIVO CANTON LAS SALINAS,11230111971010
1,2,3,CDE COMPLEJO EDUCATIVO CANTON PAVANITA,14141402971024
1,2,3,CDE COMPLEJO EDUCATIVO CANTON SAN BARTOLO,06070910141015
1,2,3,CDE COMPLEJO EDUCATIVO CANTON SAN BENITO,04202210141010
1,2,3,CDE COMPLEJO EDUCATIVO CANTON SAN ISIDRO,03062802971024
1,2,3,CDE COMPLEJO EDUCATIVO CANTON SAN LUCAS,03042310141025
1,2,3,CDE COMPLEJO EDUCATIVO CANTON SAN MARCELINO,08152802971021
1,2,3,CDE COMPLEJO EDUCATIVO CANTON VERACRUZ,05020111971012
1,2,3,CDE COMPLEJO EDUCATIVO CAPITAN GENERAL  GERARDO BARRIOS,05182802971019
1,2,3,CDE COMPLEJO EDUCATIVO CAS RANCHO QUEMADO CTON CASA BLANCA,13162710141010
1,2,3,CDE COMPLEJO EDUCATIVO CASERIO BELEN CANTON SUNCITA,03012802971019
1,2,3,CDE COMPLEJO EDUCATIVO CASERIO EL ESPINO CANTON CUYANTEPEQUE,09060511141023
1,2,3,CDE COMPLEJO EDUCATIVO CASERIO EL RODEO CANTON SAN MATIAS,09062802971077
1,2,3,CDE COMPLEJO EDUCATIVO CASERIO LOS ALMENDROS CANTON EL ZAPOTE,07152710141177
1,2,3,CDE COMPLEJO EDUCATIVO CASERIO MONTECRISTO CANTON EL RINCON,09090511141011
1,2,3,CDE COMPLEJO EDUCATIVO CATALINO AMAYA,14112804981018
1,2,3,CDE COMPLEJO EDUCATIVO COLONIA LAS CAÑAS,06072102971038
1,2,3,CDE COMPLEJO EDUCATIVO CONCHA VDA DE ESCALON,06142102972180
1,2,3,CDE COMPLEJO EDUCATIVO CONFEDERACION SUIZA,12171503991033
1,2,3,CDE COMPLEJO EDUCATIVO CRIO LA PIRRAYA CTON ISLA SAN SEBASTIAN,11172310141027
1,2,3,CDE COMPLEJO EDUCATIVO CRISTOBAL IBARRA MEJICANOS,03042102971014
1,2,3,CDE COMPLEJO EDUCATIVO CT BARAHONA,08152704151016
1,2,3,CDE COMPLEJO EDUCATIVO CT CARA SUCIA,06142102971524
1,2,3,CDE COMPLEJO EDUCATIVO CT VAINILLAS,04092102971015
1,2,3,CDE COMPLEJO EDUCATIVO CTON LAS POZAS,01090204981011
1,2,3,CDE COMPLEJO EDUCATIVO DE GUAYMANGO,06141402971317
1,2,3,CDE COMPLEJO EDUCATIVO DE INTIPUCA,14071101001013
1,2,3,CDE COMPLEJO EDUCATIVO DE LISLIQUE,14091403971012
1,2,3,CDE COMPLEJO EDUCATIVO DE POLOROS,14130712011010
1,2,3,CDE COMPLEJO EDUCATIVO DE SAN GERARDO,12141403971039
1,2,3,CDE COMPLEJO EDUCATIVO DE SANTO DOMINGO DE GUZMAN,06142102971605
1,2,3,CDE COMPLEJO EDUCATIVO DELFINADE DIAZ,06060306021014
1,2,3,CDE COMPLEJO EDUCATIVO DOCTOR ARTURO ROMERO,06141402971252
1,2,3,CDE COMPLEJO EDUCATIVO DOCTOR DAVID ESCOLAR GALINDO,06060111971018
1,2,3,CDE COMPLEJO EDUCATIVO DOCTOR JUSTO AGUILAR,10032802971017
1,2,3,CDE COMPLEJO EDUCATIVO DOCTOR VICTORIANORODRIGUEZ,10102802971015
1,2,3,CDE COMPLEJO EDUCATIVO DR GUILLERMO MANUEL UNGO,07152710141010
1,2,3,CDE COMPLEJO EDUCATIVO EBEN EZER CANTON POTRERO SULA,04162102971099
1,2,3,CDE COMPLEJO EDUCATIVO EDUARDO SALAVERRIA,06140703971251
1,2,3,CDE COMPLEJO EDUCATIVO ESCOLAR CANTON EL OCOTAL,04082802971029
1,2,3,CDE COMPLEJO EDUCATIVO FE Y ALEGRIA,06182102971038
1,2,3,CDE COMPLEJO EDUCATIVO FEDERICO GONZALEZ,10090611031014
1,2,3,CDE COMPLEJO EDUCATIVO FLORINDA DE JUAREZ ALEMAN,13112870291011
1,2,3,CDE COMPLEJO EDUCATIVO GENERAL FABIO    MORAN,06142102971702
1,2,3,CDE COMPLEJO EDUCATIVO GENERAL FRANCISCOMENENDEZ,07100703971024
1,2,3,CDE COMPLEJO EDUCATIVO GENERAL MANUEL JOSE ARCE,13102802971016
1,2,3,CDE COMPLEJO EDUCATIVO GOLDTREE LIEBES,06122802971010
1,2,3,CDE COMPLEJO EDUCATIVO ING RODOLFO ENRIQUE VARELA MANZANO,06140409971030
1,2,3,CDE COMPLEJO EDUCATIVO INGENIERO GUILLERMO BORJA NATHAN,06022102971030
1,2,3,CDE COMPLEJO EDUCATIVO JORGE LARDE,06131402971060
1,2,3,CDE COMPLEJO EDUCATIVO JOSE PANTOJA H,14081402971056
1,2,3,CDE COMPLEJO EDUCATIVO JUAN ERNESTO DE BEDOUT,05150806011010
1,2,3,CDE COMPLEJO EDUCATIVO LEANDRO MARIA GUARDADO,04021706981014
1,2,3,CDE COMPLEJO EDUCATIVO LOTIFICACION COMALAPA,08133007141016
1,2,3,CDE COMPLEJO EDUCATIVO MANUEL JOSE ARCE,06111402971019
1,2,3,CDE COMPLEJO EDUCATIVO MARCELINO GARCIA FLAMENCO TOROLA,13242802971012
1,2,3,CDE COMPLEJO EDUCATIVO MARIA MENDOZA DE BARATA,03052802971029
1,2,3,CDE COMPLEJO EDUCATIVO MARISOL BOLAÑOS DE RIVAS,05130402991010
1,2,3,CDE COMPLEJO EDUCATIVO NACIONES UNIDAS,13022802971012
1,2,3,CDE COMPLEJO EDUCATIVO OFELIA HERRERA,12170703971138
1,2,3,CDE COMPLEJO EDUCATIVO PEDRO F CANTOR,06141402971279
1,2,3,CDE COMPLEJO EDUCATIVO PEDRO PABLO CASTILLO,10122802971016
1,2,3,CDE COMPLEJO EDUCATIVO PROF. JOSE WALTERESCALVO NUÑEZ,12031402971019
1,2,3,CDE COMPLEJO EDUCATIVO PROFESOR CARLOS LOBATO,08210703971028
1,2,3,CDE COMPLEJO EDUCATIVO PROFESOR FELIPE HUEZO CORDOVA,08100703971036
1,2,3,CDE COMPLEJO EDUCATIVO PROFESOR MARTIN ROMEO MONTERROSA RODRIGUEZ,02101403971012
1,2,3,CDE COMPLEJO EDUCATIVO PROFESOR PABLO SORIANO URQUILLA,06142802971517
1,2,3,CDE COMPLEJO EDUCATIVO PROFESOR RAUL MORENO CANTON HUISQUIL,14040111911034
1,2,3,CDE COMPLEJO EDUCATIVO PROFESOR REYNALDO PADILLA,08220712011016
1,2,3,CDE COMPLEJO EDUCATIVO PROFESOR VIDAL UMANZOR,14031402971024
1,2,3,CDE COMPLEJO EDUCATIVO RAFAELA SUAREZ,10111402971031
1,2,3,CDE COMPLEJO EDUCATIVO REPUBLICA DE CHINA,03031403971018
1,2,3,CDE COMPLEJO EDUCATIVO ROMILIA BLANCO VIUDA DE BRIOSO,10113101021014
1,2,3,CDE COMPLEJO EDUCATIVO SANTIAGO DE LA FRONTERA,06142102971184
1,2,3,CDE COMPLEJO EDUCATIVO SOR CECILIA SANTILLANA AHUACTZIN,12171208981018
1,2,3,CDE COMPLEJO EDUCATIVO TOMAS CABRERA,06040309991013
1,2,3,CDE COMPLEJO EDUCATIVO WALTER A SOUNDY,05112102971028
1,2,3,CDE CTRO ESC  DR MARIO CALVO MARROQUIN,06142102971516
1,2,3,CDE CTRO ESC DOCTOR RANULFO CASTRO,06140111972271
1,2,3,CDE CTRO ESCOLAR  THOMAS JEFFERSON,03150703971027
1,2,3,CDE CTRO ESCOLAR ANTONIO JOSE CAÑAS,06172102971016
1,2,3,CDE CTRO ESCOLAR COLONIA GUAYACAN,06172102971032
1,2,3,CDE CTRO ESCOLAR FLORINDA B. GONZALEZ,06141403971051
1,2,3,CDE DE EDUC PARVULARIA DEL CENTRO DE DESARROLLO INTEGRAL MEDALLA MILAGROSA,06142103971161
1,2,3,CDE DE ESCUELA DE EDUCACION PARVULARIA COLONIA CENTRO AMERICA,06140404971067
1,2,3,CDE DE LA ESCUELA DE EDUCACION PARVULARIA PROFESORA BERTA ARLINA MOLINA,06021403971030
1,2,3,CDE DEL CENTRO EDUCATIVO INSTITUTO NACIONAL SAN LUIS,06171206961016
1,2,3,CDE DEL CENTRO ESCOLAR COLONIA SENSUNAPAN,03152802971023
1,2,3,CDE DEL CENTRO ESCOLAR DE YUCUAIQUIN,14183006991017
1,2,3,CDE DEL CENTRO ESCOLAR GENERAL FRANCISCO MENENDEZ,06142102971869
1,2,3,CDE DEL CENTRO ESCOLAR ING VICTOR JOSE BATARSE,12172102971257
1,2,3,CDE DEL CENTRO ESCOLAR MEARDI,11022201971018
1,2,3,CDE DEL COMPLEJO EDUCATIVO CAPITAN GENERAL GERARDO BARRIOS,06140111971283
1,2,3,CDE DEL COMPLEJO EDUCATIVO DE BOLIVAR,14021403971014
1,2,3,CDE DEL INST NAC GRAL JAIME ABDUL       GUTIERREZ,03151503961015
1,2,3,CDE DEL INST NAC JOHN F KENNEDY,12181503961016
1,2,3,CDE DEL INSTITUTO NACIONAL DE ANTIGUO CUSCATLAN,05011503961016
1,2,3,CDE DEL INSTITUTO NACIONAL DE EL CARMEN,14051503961012
1,2,3,CDE DEL INSTITUTO NACIONAL DE EL SAUCE,14061503961018
1,2,3,CDE DEL INSTITUTO NACIONAL DE SAN JORGE,12151206961019
1,2,3,CDE DEL INSTITUTO NACIONAL DE SOYAPANGO,06171206961024
1,2,3,CDE DEL INSTITUTO NACIONAL DE ULUAZAPA,12201206961016
1,2,3,CDE DEL INSTITUTO NACIONAL DE ZARAGOZA,06141206961036
1,2,3,CDE DEL INSTITUTO NACIONAL DR FRANCISCO MARTINEZ SUAREZ,04071503961015
1,2,3,CDE DEL INSTITUTO NACIONAL SAN FRANCISCO LEMPA,04230807831011
1,2,3,CDE DEL INSTITUTO NACIONAL SAN PEDRO PERULAPAN,07101206961011
1,2,3,CDE DEL INSTITUTO NACIONAL TECNICO INDUSTRIAL,06141503961070
1,2,3,CDE DIRECTIVO ESCOLAR INSTITUTO NACIONALFRANCISCO GAVIDIA,12171107011018
1,2,3,CDE DOLORES CASTELLLANOS,06142103971153
1,2,3,CDE EL CENTRO ESCOLAR CANTON LOS PATOS,14042102971032
1,2,3,CDE EL CENTRO GUSTAVO VIDES VALDES,05032102971032
1,2,3,CDE EL COMPLEJO EDUCATIVO CTON STA CLARA,14121206961010
1,2,3,CDE EL COMPLEJO EDUCATIVO JOSE MARTI,05112802971070
1,2,3,CDE EL COMPLEJO EDUCATIVO REPUBLICA DEL BRASIL,06141403971299
1,2,3,CDE EL INSTITUTO NACIONAL DANIEL ARIAS,14121206961028
1,2,3,CDE ESC DE EDUC PARV DE LA SALA CUNA BRAULIO SANDOVAL,06141403971230
1,2,3,CDE ESC DE EDUC PARV MARIA SALAZAR VDA  DE MAGAÑA,06142102971788
1,2,3,CDE ESC DE EDUC PARV SANTA ROSA DE LIMA,14161402971050
1,2,3,CDE ESC URB MIXTA UNIF COL SENSUNAPAN,00000000000007
1,2,3,CDE ESC. DE EDUC PARV DR. HUMBERTO ROMERO ALVERGUE,03160703971014
1,2,3,CDE ESCUELA DE EDUACACION PARVULARIA DE SAN SEBASTIAN,10092302011010
1,2,3,CDE ESCUELA DE EDUACION PARVULARIA DOCTOR MIGUEL EDUARDO APARICIO JULE,08190202991010
1,2,3,CDE ESCUELA DE EDUC. PARV. DE GUALOCOCTI,13082202011018
1,2,3,CDE ESCUELA DE EDUCACION  PARVULARIA COLONIA QUEZALTEPEC,05110111971020
1,2,3,CDE ESCUELA DE EDUCACION ESPECIAL DE CHALATENANGO,04071402971052
1,2,3,CDE ESCUELA DE EDUCACION ESPECIAL DE ILOBASCO,09032102971061
1,2,3,CDE ESCUELA DE EDUCACION ESPECIAL DE MEJICANOS,06081804971019
1,2,3,CDE ESCUELA DE EDUCACION ESPECIAL DE ZACATECOLUCA,08212102971058
1,2,3,CDE ESCUELA DE EDUCACION ESPECIAL DEL BARRIO SAN JACINTO,06142103971129
1,2,3,CDE ESCUELA DE EDUCACION ESPECIAL GENERAL ADOLFO O BLANDON,06140703971340
1,2,3,CDE ESCUELA DE EDUCACION ESPECIAL LICENCIADA ELDA OFELIA CAMPOS DE CASTELLON,12170703971090
1,2,3,CDE ESCUELA DE EDUCACION PARV DOLORES DEBRITO,06142802971479
1,2,3,CDE ESCUELA DE EDUCACION PARVULARIA     DE NUEVA ESPARTA,14111402971010
1,2,3,CDE ESCUELA DE EDUCACION PARVULARIA     FEDERICO FROEBEL,12051402971036
1,2,3,CDE ESCUELA DE EDUCACION PARVULARIA     MARIA LUISA MARCIA,14082102971018
1,2,3,CDE ESCUELA DE EDUCACION PARVULARIA ALBERTO MASFERRER,06042102971015
1,2,3,CDE ESCUELA DE EDUCACION PARVULARIA AMATEPEC,06140703971189
1,2,3,CDE ESCUELA DE EDUCACION PARVULARIA ARMENIA,06142102971583
1,2,3,CDE ESCUELA DE EDUCACION PARVULARIA CANTON EL ESPINO,06140111972212
1,2,3,CDE ESCUELA DE EDUCACION PARVULARIA CANTON EL JUTE,05090703971013
1,2,3,CDE ESCUELA DE EDUCACION PARVULARIA CANTON LOURDES,05030111971026
1,2,3,CDE ESCUELA DE EDUCACION PARVULARIA CENTRO URBANO MONSERRAT,06142802971720
1,2,3,CDE ESCUELA DE EDUCACION PARVULARIA COL LAS BRISAS,06171403971015
1,2,3,CDE ESCUELA DE EDUCACION PARVULARIA COLONIA GUADALUPE,06172908971016
1,2,3,CDE ESCUELA DE EDUCACION PARVULARIA COLONIA LA PRESITA,12170801981028
1,2,3,CDE ESCUELA DE EDUCACION PARVULARIA COLONIA MONSERRAT,06141402971325
1,2,3,CDE ESCUELA DE EDUCACION PARVULARIA COLONIA RENSON IRCA,06141804971135
1,2,3,CDE ESCUELA DE EDUCACION PARVULARIA COLONIA SAN BENITO,11230309661025
1,2,3,CDE ESCUELA DE EDUCACION PARVULARIA DE  SAN JULIAN,06140606971107
1,2,3,CDE ESCUELA DE EDUCACION PARVULARIA DE CORINTO,13032802971026
1,2,3,CDE ESCUELA DE EDUCACION PARVULARIA DE JIQUILISCO,11082102971076
1,2,3,CDE ESCUELA DE EDUCACION PARVULARIA DE LA LIBERTAD,05092802971052
1,2,3,CDE ESCUELA DE EDUCACION PARVULARIA DE PUERTO EL TRIUNFO,11140111971011
1,2,3,CDE ESCUELA DE EDUCACION PARVULARIA DE SANTIAGO TEXACUANGOS,06152102971015
1,2,3,CDE ESCUELA DE EDUCACION PARVULARIA DE SOYAPANGO,06172102971024
1,2,3,CDE ESCUELA DE EDUCACION PARVULARIA DE USULUTAN,11232802971010
1,2,3,CDE ESCUELA DE EDUCACION PARVULARIA DE ZARAGOZA,05220703971014
1,2,3,CDE ESCUELA DE EDUCACION PARVULARIA DOCTOR MIGUEL TOMAS MOLINA,08212802971105
1,2,3,CDE ESCUELA DE EDUCACION PARVULARIA DR FEDERICO VIDES,06140111971569
1,2,3,CDE ESCUELA DE EDUCACION PARVULARIA DR REYNALDO GALINDO POHL,07022802971132
1,2,3,CDE ESCUELA DE EDUCACION PARVULARIA DULCE NOMBRE DE MARIA,04081402971015
1,2,3,CDE ESCUELA DE EDUCACION PARVULARIA FEDERICO EVERARDO NOLTENIUS,11021102971018
1,2,3,CDE ESCUELA DE EDUCACION PARVULARIA GABRIELA MISTRAL,06141402971260
1,2,3,CDE ESCUELA DE EDUCACION PARVULARIA HUGO LINDO,06142802971274
1,2,3,CDE ESCUELA DE EDUCACION PARVULARIA IZALCO,03062102971015
1,2,3,CDE ESCUELA DE EDUCACION PARVULARIA JARDINES DE LA SABANA,05112802971045
1,2,3,CDE ESCUELA DE EDUCACION PARVULARIA JOSE CECILIO DEL VALLE,06140111972280
1,2,3,CDE ESCUELA DE EDUCACION PARVULARIA JOSE MARIA SAN MARTIN,05110703971014
1,2,3,CDE ESCUELA DE EDUCACION PARVULARIA JOSE MISAEL RAMOS,09060703971011
1,2,3,CDE ESCUELA DE EDUCACION PARVULARIA MARGARITA OVIEDO DE VENUTOLO,06141402971180
1,2,3,CDE ESCUELA DE EDUCACION PARVULARIA MARIA BEDOYA AGUILAR,07022802971078
1,2,3,CDE ESCUELA DE EDUCACION PARVULARIA MARIA REINA DE LA PAZ,03150206981035
1,2,3,CDE ESCUELA DE EDUCACION PARVULARIA MARTA CARBONEL DE QUITEÑO,06141403971108
1,2,3,CDE ESCUELA DE EDUCACION PARVULARIA NUEVA CONCEPCION,04162102971080
1,2,3,CDE ESCUELA DE EDUCACION PARVULARIA NUEVA GUADALUPE,12102102971020
1,2,3,CDE ESCUELA DE EDUCACION PARVULARIA OVIDIO DECROLY,06142102971338
1,2,3,CDE ESCUELA DE EDUCACION PARVULARIA POPOTLAN,06023003011013
1,2,3,CDE ESCUELA DE EDUCACION PARVULARIA PROF MARIA EMMA CASTRO DE CHIQUILLO,06060111971026
1,2,3,CDE ESCUELA DE EDUCACION PARVULARIA PROF MIRIAM NORA MARTINEZ DE PEREZ,07110111971019
1,2,3,CDE ESCUELA DE EDUCACION PARVULARIA PROFCORDELIA AVALOS DE LABOR,06140111972018
1,2,3,CDE ESCUELA DE EDUCACION PARVULARIA PROFESORA LUISA MORAN CASTRO,06142002011078
1,2,3,CDE ESCUELA DE EDUCACION PARVULARIA PROFESORA MAGOTH TULA DE MORAN,06132010981013
1,2,3,CDE ESCUELA DE EDUCACION PARVULARIA PROFESORA RAFAELA ADELINA FIGUEROA DE PACHECO,06082102971033
1,2,3,CDE ESCUELA DE EDUCACION PARVULARIA ROSAURA ZAPATA,06142102971672
1,2,3,CDE ESCUELA DE EDUCACION PARVULARIA SAN FRANCISCO GOTERA,13192802971023
1,2,3,CDE ESCUELA DE EDUCACION PARVULARIA SAN MARCOS,06121008011013
1,2,3,CDE ESCUELA DE EDUCACION PARVULARIA TONACATEPEQUE,06181402971025
1,2,3,CDE ESCUELA DE EDUCACION PARVULARIA URBANIZACION SANTA TERESA DE SAN MARTIN,06131402971052
1,2,3,CDE ESCUELA DE EDUCACION PARVULARIA ZACAMIL,06141403971094
1,2,3,CDE ESCUELA PARV GRACIELA FLORES VIUDA  DE GRIMALDI,12172102971028
1,2,3,CDE ESCUELA PARVULARIA MARTHA CARBONEL DE QUITEÑO,10010703971010
1,2,3,CDE ESCUELA PARVULARIA NACIONAL BARRIO EL MOLINO,11230703971013
1,2,3,CDE EUMU PBRO FERNANDO H SAN GERMAN,06141104971053
1,2,3,CDE FRANCISCO GAVIDIA,05030111971034
1,2,3,CDE INS NAC CONCEPCION BATRES,11041503961016
1,2,3,CDE INS NAC STA ISABEL ISHUATAN,00000000000004
1,2,3,CDE INST NAC DE ALEGRIA,11011206961019
1,2,3,CDE INST NAC DE BERLIN,11021206961014
1,2,3,CDE INST NAC DE JUCUARAN,11101206961018
1,2,3,CDE INST NAC DE MERCEDES UMAÑA,11110706961013
1,2,3,CDE INST NAC DE SAN JULIAN,03121503961019
1,2,3,CDE INST NAC DE STGO DE MARIA,11211206961018
1,2,3,CDE INST NAC DIV THOMAS JEFFERSON,03151605961028
1,2,3,CDE INSTITUTO NAC DE SAN SIMON,13213005961010
1,2,3,CDE INSTITUTO NACIONAL                  LIC RENE PORFIRIO OSORIO,06141206961079
1,2,3,CDE INSTITUTO NACIONAL 14 DE JULIO DE 1875,13191503961015
1,2,3,CDE INSTITUTO NACIONAL ALBERT CAMUS,06141206961133
1,2,3,CDE INSTITUTO NACIONAL ANAMOROS,14011206961010
1,2,3,CDE INSTITUTO NACIONAL AUGUSTO CESAR ROMERO,08161206961018
1,2,3,CDE INSTITUTO NACIONAL BERTHA FIDELIA CAÑAS,06121206961019
1,2,3,CDE INSTITUTO NACIONAL CANTON LAS PILAS,04251003031010
1,2,3,CDE INSTITUTO NACIONAL CANTON LOURDES,05031206961016
1,2,3,CDE INSTITUTO NACIONAL CANTON TIERRA BLANCA,11081206961025
1,2,3,CDE INSTITUTO NACIONAL CASERIO EL COYOLITO CANTON QUITAZOL,04331206961024
1,2,3,CDE INSTITUTO NACIONAL COLONIA VALLE DELSOL,06022602031018
1,2,3,CDE INSTITUTO NACIONAL CORNELIO AZENON SIERRA,01031503961012
1,2,3,CDE INSTITUTO NACIONAL CRISTOBAL IGLESIAS,09071911981014
1,2,3,CDE INSTITUTO NACIONAL DE AGUILARES,06011206961019
1,2,3,CDE INSTITUTO NACIONAL DE APASTEPEQUE,10011206961015
1,2,3,CDE INSTITUTO NACIONAL DE ARCATAO,04021312041016
1,2,3,CDE INSTITUTO NACIONAL DE ARMENIA,03021206961013
1,2,3,CDE INSTITUTO NACIONAL DE AYUTUXTEPEQUE,06031206961010
1,2,3,CDE INSTITUTO NACIONAL DE AZACUALPA,04031206961012
1,2,3,CDE INSTITUTO NACIONAL DE CAROLINA,12011206961012
1,2,3,CDE INSTITUTO NACIONAL DE CHAPELTIQUE,12043011991013
1,2,3,CDE INSTITUTO NACIONAL DE CHINAMECA,12051206961014
1,2,3,CDE INSTITUTO NACIONAL DE CIUDAD ARCE,05020306961011
1,2,3,CDE INSTITUTO NACIONAL DE CIUDAD BARRIOS,12171206961036
1,2,3,CDE INSTITUTO NACIONAL DE CIUDAD CREDISA,06173006991010
1,2,3,CDE INSTITUTO NACIONAL DE CIUDAD DELGADO,06191206961017
1,2,3,CDE INSTITUTO NACIONAL DE COATEPEQUE,02020601031017
1,2,3,CDE INSTITUTO NACIONAL DE COMERCIO,06141206661148
1,2,3,CDE INSTITUTO NACIONAL DE CONCEPCION QUEZALTEPEQUE,04062704011016
1,2,3,CDE INSTITUTO NACIONAL DE CORINTO,13031206961017
1,2,3,CDE INSTITUTO NACIONAL DE EL DIVISADERO,13061206961013
1,2,3,CDE INSTITUTO NACIONAL DE EL PAISNAL,06051503961011
1,2,3,CDE INSTITUTO NACIONAL DE EL PARAISO,04103006991015
1,2,3,CDE INSTITUTO NACIONAL DE EL ROSARIO,07040301071024
1,2,3,CDE INSTITUTO NACIONAL DE ESTANZUELAS,11071206961011
1,2,3,CDE INSTITUTO NACIONAL DE GUALOCOCTI,13080904131019
1,2,3,CDE INSTITUTO NACIONAL DE GUATAJIAGUA,13093005011016
1,2,3,CDE INSTITUTO NACIONAL DE ILOBASCO,09031112981018
1,2,3,CDE INSTITUTO NACIONAL DE JIQUILISCO,11081206961017
1,2,3,CDE INSTITUTO NACIONAL DE JUAYUA,06141206961125
1,2,3,CDE INSTITUTO NACIONAL DE LA COL SANTA LUCIA,06071503961020
1,2,3,CDE INSTITUTO NACIONAL DE LA COLONIA CIUDAD OBRERA APOPA,06021503961023
1,2,3,CDE INSTITUTO NACIONAL DE LA LAGUNA,04111206961016
1,2,3,CDE INSTITUTO NACIONAL DE LA PALMA,04121206961011
1,2,3,CDE INSTITUTO NACIONAL DE LA REINA,04131206961017
1,2,3,CDE INSTITUTO NACIONAL DE LA UNION,14081503961019
1,2,3,CDE INSTITUTO NACIONAL DE MONSERRAT,06141206961044
1,2,3,CDE INSTITUTO NACIONAL DE NOMBRE DE JESUS,04152511981017
1,2,3,CDE INSTITUTO NACIONAL DE NUEVA CONCEPCION,04161206961021
1,2,3,CDE INSTITUTO NACIONAL DE NUEVA ESPARTA,14111206961014
1,2,3,CDE INSTITUTO NACIONAL DE NUEVA GUADALUPE,12102304971013
1,2,3,CDE INSTITUTO NACIONAL DE NUEVO CUSCATLAN,05100501091017
1,2,3,CDE INSTITUTO NACIONAL DE OLOCUILTA,08051206961018
1,2,3,CDE INSTITUTO NACIONAL DE OSICALA,13151206961012
1,2,3,CDE INSTITUTO NACIONAL DE OZATLAN,11131206961014
1,2,3,CDE INSTITUTO NACIONAL DE PERQUIN,13162211981015
1,2,3,CDE INSTITUTO NACIONAL DE POTONICO,06141206961168
1,2,3,CDE INSTITUTO NACIONAL DE PUERTO EL TRIUNFO,11141206961010
1,2,3,CDE INSTITUTO NACIONAL DE SAN ANTONIO LOS RANCHOS,04211409011018
1,2,3,CDE INSTITUTO NACIONAL DE SAN ANTONIO MASAHUAT,08072109981010
1,2,3,CDE INSTITUTO NACIONAL DE SAN EMIGDIO,08083006991019
1,2,3,CDE INSTITUTO NACIONAL DE SAN FERNANDO,04222402091018
1,2,3,CDE INSTITUTO NACIONAL DE SAN FRANCISCO JAVIER,11190111971019
1,2,3,CDE INSTITUTO NACIONAL DE SAN IGNACIO,04251206961012
1,2,3,CDE INSTITUTO NACIONAL DE SAN ISIDRO,13200611141015
1,2,3,CDE INSTITUTO NACIONAL DE SAN JUAN OPICO,05151206961011
1,2,3,CDE INSTITUTO NACIONAL DE SAN JUAN TEPEZONTES,08121503961017
1,2,3,CDE INSTITUTO NACIONAL DE SAN LUIS LA HERRADURA,08221206961010
1,2,3,CDE INSTITUTO NACIONAL DE SAN LUIS TALPA,08131503961012
1,2,3,CDE INSTITUTO NACIONAL DE SAN MARCOS,06121503961010
1,2,3,CDE INSTITUTO NACIONAL DE SAN MATIAS,05161009011015
1,2,3,CDE INSTITUTO NACIONAL DE SAN PABLO TACACHICO,05171206961012
1,2,3,CDE INSTITUTO NACIONAL DE SAN RAFAEL,04311503991012
1,2,3,CDE INSTITUTO NACIONAL DE SANTA ELENA,11181206961011
1,2,3,CDE INSTITUTO NACIONAL DE SANTA MARIA OSTUMA,08181206961019
1,2,3,CDE INSTITUTO NACIONAL DE SANTIAGO TEXACUANGOS,06141206961141
1,2,3,CDE INSTITUTO NACIONAL DE SANTO DOMINGO,10050602011017
1,2,3,CDE INSTITUTO NACIONAL DE SENSUNTEPEQUE,09062203961012
1,2,3,CDE INSTITUTO NACIONAL DE SESORI,12191206961010
1,2,3,CDE INSTITUTO NACIONAL DE SN ANTONIO    SILVA,12171206961044
1,2,3,CDE INSTITUTO NACIONAL DE TECOLUCA,10111206961010
1,2,3,CDE INSTITUTO NACIONAL DE TEOTEPEQUE,05201206961019
1,2,3,CDE INSTITUTO NACIONAL DE TEXISTEPEQUE,02131206961010
1,2,3,CDE INSTITUTO NACIONAL DE TONACATEPEQUE,06141206961150
1,2,3,CDE INSTITUTO NACIONAL DE VICTORIA,09081911981010
1,2,3,CDE INSTITUTO NACIONAL DE YAMABAL,13252309031014
1,2,3,CDE INSTITUTO NACIONAL DOCTOR SARBELIO NAVARRETE,10101206961014
1,2,3,CDE INSTITUTO NACIONAL DR MANUEL LUIS ESCAMILLA,08011206961016
1,2,3,CDE INSTITUTO NACIONAL DR PEDRO MIGUEL RIVERA DAMAS,10061206961012
1,2,3,CDE INSTITUTO NACIONAL DR SALVADOR ANTONIO NAVARRETE AZURDIA,09091911981015
1,2,3,CDE INSTITUTO NACIONAL ERNESTO FLORES,11051206961010
1,2,3,CDE INSTITUTO NACIONAL ESTADO DE ISRAEL,08031206961017
1,2,3,CDE INSTITUTO NACIONAL GENERAL FRANCISCO MORAZAN,06141206961060
1,2,3,CDE INSTITUTO NACIONAL GENERAL JESUS MARIA BRAN,06141206961176
1,2,3,CDE INSTITUTO NACIONAL GENERAL JUAN ORLANDO ZEPEDA,04071405921013
1,2,3,CDE INSTITUTO NACIONAL GRAL MANUEL JOSE ARCE,06142406961045
1,2,3,CDE INSTITUTO NACIONAL HEBER REMBERTO TRUJILLO DIAZ,05071206961018
1,2,3,CDE INSTITUTO NACIONAL JOAQUIN ERNESTO CARDENAS,12172102971338
1,2,3,CDE INSTITUTO NACIONAL JOSE DAMIAN VILLACORTA,05110111971011
1,2,3,CDE INSTITUTO NACIONAL JOSE INGENIEROS,08191206961014
1,2,3,CDE INSTITUTO NACIONAL JOSE MARIA PERALTA LAGOS,05121206961015
1,2,3,CDE INSTITUTO NACIONAL JUAN PABLO II,06091503961013
1,2,3,CDE INSTITUTO NACIONAL LICDO JOSE DANIEL CARIAS,06142802971525
1,2,3,CDE INSTITUTO NACIONAL LUIS REYNALDO TOBAR,06141206961117
1,2,3,CDE INSTITUTO NACIONAL METROPOLITANO,12171206961052
1,2,3,CDE INSTITUTO NACIONAL MONSEÑOR TOMAS MIGUEL PINEDA Y SALDAÑA,08150108991012
1,2,3,CDE INSTITUTO NACIONAL PABLO TESAK,11082310141028
1,2,3,CDE INSTITUTO NACIONAL PROF. ROSA ORBELINA CAÑAS DE FLORES,00000000000008
1,2,3,CDE INSTITUTO NACIONAL PROFESOR FRANCISCO GUERRERO,08170108991013
1,2,3,CDE INSTITUTO NACIONAL PROFESOR FRANCISCO VENTURA ZELAYA,14161503961012
1,2,3,CDE INSTITUTO NACIONAL PROFESOR JAIME FRANCISCO LOPEZ,06141206961044
1,2,3,CDE INSTITUTO NACIONAL PROFESOR JOSE LUIS LOPEZ,13121206961016
1,2,3,CDE INSTITUTO NACIONAL PROFESOR SANTIAGO ECHEGOYEN,10021206961010
1,2,3,CDE INSTITUTO NACIONAL PUERTO DE LA LIBERTAD,05091206961019
1,2,3,CDE INSTITUTO NACIONAL REPUBLICA DE ITALIA,04331206961016
1,2,3,CDE INSTITUTO NACIONAL RUFINO GUEVARA,04011206961011
1,2,3,CDE INSTITUTO NACIONAL SAN ILDEFONSO,10070511981014
1,2,3,CDE INSTITUTO NACIONAL SAN JOSE GUAYABAL,07091206961016
1,2,3,CDE INSTITUTO NACIONAL SAN JOSE VERAPAZ,10131206961010
1,2,3,CDE INSTITUTO NACIONAL SAN LUIS DE LA REINA,12161209891014
1,2,3,CDE INSTITUTO NACIONAL SAN MIGUEL DE MERCEDES,04300601031017
1,2,3,CDE INSTITUTO NACIONAL SAN RAFAEL CEDROS,07111206961017
1,2,3,CDE INSTITUTO NACIONAL SANTA MARIA,11200501981010
1,2,3,CDE INSTITUTO NACIONAL SEGUNDO MONTES,13141206961017
1,2,3,CDE INSTITUTO NACIONAL SIMON BOLIVAR,06161904831013
1,2,3,CDE INSTITUTO NACIONAL TECPAN,05152706011016
1,2,3,CDE INSTITUTO NACIONAL TENANCINGO,07161206961014
1,2,3,CDE INSTITUTO NACIONAL WALTER THILO DEININGER,08021503961019
1,2,3,CDE JESUS ESCOBAR DE CARDENAS,12171106971018
1,2,3,CDE JUAN ENRIQUE PESTALOZZI,03100703971011
1,2,3,CDE MANUEL MONEDERO,06140111971330
1,2,3,CDE REPARTO SAN JOSE II,06172802971041
1,2,3,CDE REPUBLICA DE NICARAGUA,00000000000003
1,2,3,CDE VILLA GUACOTECTI,09022802971016
6,,,CELULA DE SEGUIMIENTO Y CIERRE DEL PROGRAMA DE APOYO AL PROCESO PRODUCTIVO EN SAN VICENTE,06141211971066
6,2,3,CENTRO DE FORMACION LABORAL,06142710991058
3,2,3,CENTRO ESCOLAR CATOLICO SANTA LUISA,06142805571072
3,12,13,CENTRO INTERNACIONAL DE FERIAS Y CONVENCIONES DE EL SALVADOR,06142402071010
3,5,2,CENTRO NACIONAL DE REGISTROS,06140512941026
3,6,1,CENTRO NACIONAL DE TECNOLOGIA AGROPECUARIA Y FORESTAL,05110104100011
2,9,9,CEPA,06141402370078
2,9,9,CEPA- FENASAL,06141402370078
6,,,CIRCUITO DE TEATROS NACIONALES,06142101110042
6,,,COMISION DE DERECHOS HUMANOS DE EL SALVADOR,06142708820037
6,,,COMISION DE INVESTIGACION DE HECHOS DELICTIVOS,06140407850031
6,,,COMISION DEL NUEVO MILENIO,06141711991047
2,9,9,COMISION EJECUTIVA DEL PUERTO DE ACAJUTL,00000000000001
2,9,9,COMISION EJECUTIVA DEL PUERTO DE ACAJUTLA,00000000000001
2,9,9,COMISION EJECUTIVA DEL RIO LEMPA,06141809480014
2,9,9,COMISION EJECUTIVA HIDROELECTRICA DEL RIO LEMPA,06141809480014
2,9,9,COMISION EJECUTIVA HIDROELECTRICIA DEL R,06141809480014
2,9,9,COMISION EJECUTIVA HIDROLECTRICA DEL RIO LEMPA,06141809480014
2,9,9,COMISION EJECUTIVA PORTUARIA AUTONOMA,06141402370078
2,9,9,COMISION EJECUTIVA PORTUARIA AUTONOMA FE,06141402370078
2,9,9,COMISION EJECUTIVA PORTUARIA AUTONOMA FENASAL,06141402370078
2,9,9,COMISION EJECUTIVA PORTUERIA AUTONOMA,06141402370078
6,,,COMISION NACIONAL DE ASISTENCIA A LA POBLACION DESPLAZADA,06142910810011
3,5,2,COMISION NACIONAL DE LA MICRO Y PEQUEÑA EMPRESA,06140305961025
3,5,2,COMISION NACIONAL DE PROMOCION DE INVERSIONES,06140302001071
6,,,COMISION REVISADORA DE LA LEGISLACION SALVADOREÑA,06141706850064
3,12,13,COMITE EJECUTIVO DE LA FERIA INTERNACIONAL DE EL SALVADOR,06142202650017
3,12,15,COMITE ORGANIZADOR DE LOS V JUEGOS DEPOR,06140806921082
3,2,3,COMPLEJO EDUCATIVO CATOLICO ANA GUERRA DE JESUS,10050112001013
3,2,3,COMPLEJO EDUCATIVO CATOLICO PRESBITERO RENE VALLE,10060112001019
6,,,CONSEJO CENTRAL DE ELECCIONES,06140101110036
3,14,2,CONSEJO DE VIGILANCIA DE LA PROFESION DE CONTADURIA PUBLICA Y AUDITORIA,06142601001030
1,2,3,CONSEJO DIRECTIVO ESCOLAR  CENTRO ESCOLAR COMUNIDAD PRADERA III,06192102971041
1,2,3,CONSEJO DIRECTIVO ESCOLAR  INSTITUTO NACIONAL EL TRANSITO,12071503961016
1,2,3,CONSEJO DIRECTIVO ESCOLAR BENITO JUAREZ,06140111972131
1,2,3,CONSEJO DIRECTIVO ESCOLAR CANTON LLANOS DE ACHICHILCO,10102110141063
1,2,3,CONSEJO DIRECTIVO ESCOLAR CANTON SAN ANTONIO EL GUAYABO,10012110141013
1,2,3,CONSEJO DIRECTIVO ESCOLAR CANTON SANTA  GERTRUDIS,10103010141011
1,2,3,CONSEJO DIRECTIVO ESCOLAR CASERIO SAN LAZARO CANTON SAN PEDRO,10013010141020
1,2,3,"CONSEJO DIRECTIVO ESCOLAR CENTRO ESCOLAR "" DOCTOR JACINTO CASTELLANOS""",10102802971082
1,2,3,CONSEJO DIRECTIVO ESCOLAR CENTRO ESCOLAR BUENA VISTA,06171403971023
1,2,3,CONSEJO DIRECTIVO ESCOLAR CENTRO ESCOLAR CANTON GUAYAPA ABAJO,06140703971286
1,2,3,CONSEJO DIRECTIVO ESCOLAR CENTRO ESCOLAR CANTON LAS TRANCAS,11131405981016
1,2,3,CONSEJO DIRECTIVO ESCOLAR CENTRO ESCOLAR CANTON SAN CRISTOBAL,06142102971435
1,2,3,CONSEJO DIRECTIVO ESCOLAR CENTRO ESCOLAR CARLOS ARNULFO CRESPIN,04072102771023
1,2,3,CONSEJO DIRECTIVO ESCOLAR CENTRO ESCOLAR CASERIO EL JUNQUILLAL CANTON CHANMOCO,10102102971014
1,2,3,CONSEJO DIRECTIVO ESCOLAR CENTRO ESCOLAR CASERIO LAS FLORES CANTON PARRAS LEMPA,10103010141020
1,2,3,CONSEJO DIRECTIVO ESCOLAR CENTRO ESCOLAR COLONIA BELEN,14080111971010
1,2,3,CONSEJO DIRECTIVO ESCOLAR CENTRO ESCOLAR COLONIA FATIMA,07022802971116
1,2,3,CONSEJO DIRECTIVO ESCOLAR CENTRO ESCOLAR COLONIA SANTA CRUZ,06142802971215
1,2,3,CONSEJO DIRECTIVO ESCOLAR CENTRO ESCOLAR DE SAN DIONISIO,11172802971017
1,2,3,CONSEJO DIRECTIVO ESCOLAR CENTRO ESCOLAR DR. SIXTO ALBERTO PADILLA,06140111972123
1,2,3,CONSEJO DIRECTIVO ESCOLAR CENTRO ESCOLAR EMILIO MARTINEZ,02100111971074
1,2,3,CONSEJO DIRECTIVO ESCOLAR CENTRO ESCOLAR EUGENIO AGUILAR TRIGUEROS,06142802971460
1,2,3,CONSEJO DIRECTIVO ESCOLAR CENTRO ESCOLAR FLORENCIA RIVAS,07110703971020
1,2,3,CONSEJO DIRECTIVO ESCOLAR CENTRO ESCOLAR GENERAL FRANCISCO MENENDEZ,09030703971015
1,2,3,CONSEJO DIRECTIVO ESCOLAR CENTRO ESCOLAR HACIENDA SAN CAYETANO CANTON CAMONES,06140111971780
1,2,3,CONSEJO DIRECTIVO ESCOLAR CENTRO ESCOLAR HACIENDA SAN MIGUEL CTON EL COBANAL,05030702971017
1,2,3,CONSEJO DIRECTIVO ESCOLAR CENTRO ESCOLAR JOSE LUCIO MARTINEZ,06140111971208
1,2,3,CONSEJO DIRECTIVO ESCOLAR CENTRO ESCOLAR JOSE MARIANO MENDEZ,06140111971437
1,2,3,CONSEJO DIRECTIVO ESCOLAR CENTRO ESCOLAR LYNDON B JOHNSON,06142102972130
1,2,3,CONSEJO DIRECTIVO ESCOLAR CENTRO ESCOLAR MANUELA MINERO DE MEJIA,08122802971017
1,2,3,CONSEJO DIRECTIVO ESCOLAR CENTRO ESCOLAR MONSEÑOR JOSE LOPEZ SANDOVAL,06142802971185
1,2,3,CONSEJO DIRECTIVO ESCOLAR CENTRO ESCOLAR MONSEÑOR LUIS CHAVEZ Y GONZALEZ,07042802971036
1,2,3,CONSEJO DIRECTIVO ESCOLAR CENTRO ESCOLAR RAFAEL CAMPO,03152802971031
1,2,3,CONSEJO DIRECTIVO ESCOLAR CENTRO ESCOLAR SAN LUIS GONZAGA,05112102971010
1,2,3,CONSEJO DIRECTIVO ESCOLAR CENTRO ESCOLAR URBANIZACION LAS MARGARITAS,06171402971011
1,2,3,CONSEJO DIRECTIVO ESCOLAR CENTRO ESCOLARALTAVISTA,06180902991018
1,2,3,CONSEJO DIRECTIVO ESCOLAR CENTRO ESCOLARCANTON EL OJUSTE,11230509971037
1,2,3,CONSEJO DIRECTIVO ESCOLAR CENTRO ESCOLARCANTON SAN PEDRO,12060702971010
1,2,3,CONSEJO DIRECTIVO ESCOLAR CENTRO ESCOLARCOMUNIDAD SAN BARTOLO DEL NORTE,06071403971010
1,2,3,CONSEJO DIRECTIVO ESCOLAR CENTRO ESCOLARJOSE DOLORES LARREYNAGA,05120111971025
1,2,3,CONSEJO DIRECTIVO ESCOLAR CENTRO ESCOLARJUAN PABLO DUARTE,03122102971011
1,2,3,CONSEJO DIRECTIVO ESCOLAR CENTRO ESCOLARPRESBITERO JOSE MATIAS DELGADO,14162102971011
1,2,3,CONSEJO DIRECTIVO ESCOLAR COMPLEJO EDUCATIVO  HACIENDA LA LABOR,06142802971410
1,2,3,CONSEJO DIRECTIVO ESCOLAR COMPLEJO EDUCATIVO CANTON EL SUNZA,03062102971040
1,2,3,CONSEJO DIRECTIVO ESCOLAR COMPLEJO EDUCATIVO CANTON EL ZAPOTE,01082802971010
1,2,3,CONSEJO DIRECTIVO ESCOLAR COMPLEJO EDUCATIVO CANTON TONALA,03152205981018
1,2,3,CONSEJO DIRECTIVO ESCOLAR COMPLEJO EDUCATIVO COLONIA NUEVA,06140703971235
1,2,3,CONSEJO DIRECTIVO ESCOLAR COMPLEJO EDUCATIVO COLONIA QUIÑONEZ,06140111971364
1,2,3,CONSEJO DIRECTIVO ESCOLAR COMPLEJO EDUCATIVO CTON EL JICARO,06142910141083
1,2,3,CONSEJO DIRECTIVO ESCOLAR COMPLEJO EDUCATIVO DOCTOR MANUEL PARADA SALGADO,06142102971346
1,2,3,CONSEJO DIRECTIVO ESCOLAR COMPLEJO EDUCATIVO DR HUMBERTO ROMERO ALVERGUE,06140312991029
1,2,3,CONSEJO DIRECTIVO ESCOLAR COMPLEJO EDUCATIVO GARITA PALMERA,06142802971690
1,2,3,CONSEJO DIRECTIVO ESCOLAR COMPLEJO EDUCATIVO GRAL. MANUEL JOSE ARCE,13102802971016
1,2,3,CONSEJO DIRECTIVO ESCOLAR COMPLEJO EDUCATIVO HACIENDA METALIO,03010703971039
1,2,3,CONSEJO DIRECTIVO ESCOLAR COMPLEJO EDUCATIVO PROFESOR ALBERTO VARELA,08111312011013
1,2,3,CONSEJO DIRECTIVO ESCOLAR COMPLEJO EDUCATIVO TECAPAN,11220108991013
1,2,3,CONSEJO DIRECTIVO ESCOLAR CT ESC EL CONG,06140111971178
1,2,3,CONSEJO DIRECTIVO ESCOLAR CTR ESC SOTERO,09060610961016
1,2,3,CONSEJO DIRECTIVO ESCOLAR DE CENTRO ESCOLAR CANTON CHANTUSNENE,05152505981017
1,2,3,CONSEJO DIRECTIVO ESCOLAR DE ESC URBANA MIXTA UNIF BO EL CAMPAMENTO FE Y ALEGRIA,06142802971347
1,2,3,CONSEJO DIRECTIVO ESCOLAR DE LA ESC URB DE NIÑAS UNIF. DOLORES DE BRITO,03152802971015
1,2,3,"CONSEJO DIRECTIVO ESCOLAR DEL           CENTRO ESCOLAR ""JOSE MARTI""",06140111971518
1,2,3,CONSEJO DIRECTIVO ESCOLAR DEL CENTRO ESCOLAR DE ARMENIA,03022102971013
1,2,3,CONSEJO DIRECTIVO ESCOLAR DEL INSTITUTO NACIONAL DE APOPA,06021503961015
1,2,3,CONSEJO DIRECTIVO ESCOLAR DEL INSTITUTO NACIONAL DE IZALCO,03061206961015
1,2,3,CONSEJO DIRECTIVO ESCOLAR DEL INSTITUTO NACIONAL DE JUCUAPA,11091206961012
1,2,3,CONSEJO DIRECTIVO ESCOLAR DEL INSTITUTO NACIONAL DE SONZACATE,03162205031015
1,2,3,CONSEJO DIRECTIVO ESCOLAR DEL INSTITUTO NACIONAL MAESTRO ALBERTO MASFERRER,06080109820011
1,2,3,CONSEJO DIRECTIVO ESCOLAR E R M CASERIO LAS CANOAS CANTON SAN JUAN,06142102971125
1,2,3,"CONSEJO DIRECTIVO ESCOLAR ESCUELA DE    EDUCACION ESPECIAL DE ""USULUTAN""",11232102971027
1,2,3,CONSEJO DIRECTIVO ESCOLAR ESCUELA DE EDUACACION PARVULARIA DE SAN ISIDRO,09050111971013
1,2,3,CONSEJO DIRECTIVO ESCOLAR ESCUELA DE EDUCACION PARVULARIA ANTIGUO CUSCATLAN,05012102971015
1,2,3,CONSEJO DIRECTIVO ESCOLAR ESCUELA DE EDUCACION PARVULARIA BARRIO EL CALVARIO,11232802971036
1,2,3,CONSEJO DIRECTIVO ESCOLAR ESCUELA DE EDUCACION PARVULARIA EL CONGO,06140111971321
1,2,3,CONSEJO DIRECTIVO ESCOLAR ESCUELA DE EDUCACION PARVULARIA SAN RAFAEL OBRAJUELO,08170102991011
1,2,3,CONSEJO DIRECTIVO ESCOLAR INS NAC ISIDRO MENENDEZ,12171206961028
1,2,3,CONSEJO DIRECTIVO ESCOLAR INSTITUTO     NACIONAL CANTON EL PACUN,10110507021016
1,2,3,CONSEJO DIRECTIVO ESCOLAR INSTITUTO NAC CANDELARIA LA FRONTERA,02011503961015
1,2,3,CONSEJO DIRECTIVO ESCOLAR INSTITUTO NACIONAL ALEJANDRO DE HUMBOLDT AHUACHAPAN,01011206961010
1,2,3,CONSEJO DIRECTIVO ESCOLAR INSTITUTO NACIONAL CANTON CARA SUCIA,01082803031010
1,2,3,CONSEJO DIRECTIVO ESCOLAR INSTITUTO NACIONAL DE JUJUTLA,06142303011073
1,2,3,CONSEJO DIRECTIVO ESCOLAR INSTITUTO NACIONAL DE LOLOTIQUE,12081206961010
1,2,3,CONSEJO DIRECTIVO ESCOLAR INSTITUTO NA--CIONAL DE MONCAGUA,12090406961014
1,2,3,CONSEJO DIRECTIVO ESCOLAR INSTITUTO NACIONAL DE SACACOYO,05130301021010
1,2,3,CONSEJO DIRECTIVO ESCOLAR INSTITUTO NACIONAL DE SAN BARTOLO,06071503961012
1,2,3,CONSEJO DIRECTIVO ESCOLAR INSTITUTO NACIONAL DE SANTA ANA,02101206961013
1,2,3,CONSEJO DIRECTIVO ESCOLAR INSTITUTO NACIONAL JOSE RIVERA CAMPOS,05041206961011
1,2,3,CONSEJO DIRECTIVO ESCOLAR INSTITUTO NACIONAL JOSE SIMEO CAÑAS,08210805981010
1,2,3,CONSEJO DIRECTIVO ESCOLAR INSTITUTO NACIONAL NUEVA ESPERANZA DEL BAJO LEMPA,11080511991019
1,2,3,CONSEJO DIRECTIVO ESCOLAR LEOPOLDO MAYENTORRES,02102102971013
1,2,3,CONSEJO DIRECTIVO ESCOLAR LIC HECTOR MAURICIO PALOMO SOL,06142102971273
1,2,3,CONSEJO DIRECTIVO ESCOLAR PROFESOR LUIS ARMANDO ROBLES,14142610011014
1,2,3,CONSEJO DIRECTIVO ESCOLAR SALVADOR HIDALGO CORNEJO,10022102971029
1,2,3,CONSEJO DIRECTIVO ESCOLAR SOR CLARA QUIROZ,05030703971010
3,14,6,CONSEJO NACIONAL DE ADMINISTRACION DE BIENES,06142811131041
3,1,12,CONSEJO NACIONAL DE ATENCION INTEGRAL A LA PERSONA CON DISCAPACIDAD,06140612931087
3,5,2,CONSEJO NACIONAL DE CALIDAD,06142107111060
3,2,3,CONSEJO NACIONAL DE CIENCIA Y TECNOLOGIA,06140103131071
3,5,2,CONSEJO NACIONAL DE ENERGIA,06143008071052
6,,,CONSEJO NACIONAL DE LA JUDICATURA,06142201931020
3,14,3,CONSEJO NACIONAL DE LA NIÑEZ Y DE LA ADOLESCENCIA,06140101111014
3,12,3,CONSEJO NACIONAL PARA LA CULTURA Y EL   ARTE,06142009911058
3,14,2,CONSEJO SALVADOREÑO DE LA AGROINDUSTRIA AZUCARERA,06142607011061
3,14,15,CONSEJO SALVADOREÑO DE MENORES,06141101240054
3,6,1,CONSEJO SALVADOREÑO DEL CAFE,06141910891035
3,1,11,CONSEJO SUPERIOR DE SALUD PUBLICA,06141601220019
6,,,CONVENIO DE COOPERACION TECNICO AGRICOLA ENTRE EL SALVADOR Y LA REPUBLICA CHINA,06140910790038
3,10,2,CORPORACION SALVADOREÑA DE INVERSIONES,06140101820011
3,8,13,CORPORACION SALVADOREÑA DE TURISMO,06142507961054
6,,,CORTE DE CUENTAS DE LA REPUBLICA,06140101110070
6,,,CRUZ ROJA SALVADOREÑA,06141303850013
1,14,4,CUERPO DE BOMBEROS DE EL SALVADOR,06140101021015
3,14,2,DEFENSORIA DEL CONSUMIDOR,06141808051014
1,14,15,DIRECCION DE ASESORIA LEGAL MINISTERIO  DEL INTERIOR,06140101021015
1,4,6,DIRECCION GENERAL DE CENTROS PENALES Y  READAPTACION,06140101071012
1,4,6,DIRECCION GENERAL DE MIGRACION,06140101071012
3,14,15,DIRECCION GENERAL DE PROTECCION AL CONSUMIDOR,06143108921126
6,,,DIRECCION MUNICIPAL PARA LA GESTION SUSTENTABLE DE DESECHOS SOLIDOS,06142201081069
3,1,11,DIRECCION NACIONAL DE MEDICAMENTOS,06140203121057
1,14,11,DIRECCION REGIONAL DE SALUD CENTRAL,06140101220032
1,14,11,DIRECCION REGIONAL DE SALUD METROPOLITANA,06140101220032
1,14,11,DIRECCION REGIONAL DE SALUD OCCIDENTAL,06140101220032
1,14,11,DIRECCION REGIONAL DE SALUD ORIENTAL,06140101220032
1,14,11,DIRECCION REGIONAL DE SALUD PARACENTRAL,06140101220032
3,6,1,ESCUELA NACIONAL DE AGRICULTURA ROBERTO QUIÑONEZ,05020603840011
1,3,7,FAES PARA LA VTA DE PROD Y PREST DE SERV DEL CMDO DE APOYO LOGISTICO DE LA FA,06140101160060
2,9,9,FERROCARRILES NACIONALES DE EL SALVADOR,06141402370078
4,10,15,FINANCIERA NACIONAL DE TIERRAS AGRICOLAS,06140602790076
6,,,FISCALIA GENERAL DE LA REPUBLICA,06140101150030
6,,,FISCALIA REGIONAL DE OCCIDENTE,06140101150030
3,7,8,FONDO AMBIENTAL DE EL SALVADOR,06141606941042
1,3,7,FONDO DE ACTIVIDADES ESPECIALES DE MEDIOS DE COMUNICACION Y REPRODUCCION DE LA FUERZA ARMADA,06140101160060
1,7,8,FONDO DE ACTIVIDADES ESPECIALES DEL MARN,06141605971045
1,14,14,FONDO DE ACTVIDADES ESPC POR LA VENTA DESERV PUBLIC DE RADIO NAC DE EL SALV,06140101021015
6,,,FONDO DE CONSERVACION VIAL,06143011001057
3,10,2,FONDO DE FINANCIAMIENTO Y GARANTIA PARA LA PEQUEÑA EMPRESA,06140102360044
3,10,2,FONDO DE FINANCIAMIENTO Y GTIA PEQUEÑA E,07471010236101
3,10,2,FONDO DE FINANCIAMIENTO Y GTIA PEQUEÑAS,07471010236101
3,10,2,FONDO DE FINANTO Y GTIA PARA LA PEQUEÑA EMPRESA,07471010236101
3,10,3,FONDO DE GARANTIA PARA CREDITO EDUCATIVO,06141005730030
5,,,FONDO DE INVERCION EDUCATIVA DE ALCALDIAIPAL DE DULCE NOMBRE DE MARIA,04080509510010
3,14,9,FONDO DE INVERSION NACIONAL EN ELECTRICIDAD Y TELEFONIA,06140907981035
3,14,9,FONDO DE INVERSION SOCIAL PARA EL DESARROLLO LOCAL DE EL SALVADOR,06143110901027
3,1,12,FONDO DE PROTECCION DE LISIADOS Y DISCAPACITADOS A CONSECUENCIA CONFLICTO ARMADO,06141312921019
3,14,16,FONDO DE SANEAMIENTO Y FORTALECIMIENTO FINANCIERO,06141512901020
3,14,16,FONDO DEL MILENIO,06142012061154
3,14,16,FONDO DEL MILENIO II,06143010141076
4,10,16,FONDO NACIONAL DE VIVIENDA  POPULAR,06140806921040
3,14,9,FONDO PARA LA ATENCION A LAS VICTIMAS DE ACCIDENTES DE TRANSITO,06141412121036
6,,,FONDO PROTECCION FUNCIONARIOS Y EMPLEADOS DEL BANCO CENTRAL DE RESERVA,06142801630010
3,14,5,FONDO SALVADORENO PARA ESTUDIOS DE PREINVERSION,06140611780060
4,10,9,FONDO SOCIAL PARA LA VIVIENDA,06140705750026
3,10,16,FONDO SOLIDARIO PARA LA FAMILIA MICROEMPRESARIA,06142605991042
3,14,16,GTZ PROGRAMA DE INTEGRACION Y FOMENTO DEEMPLEO,93092803561016
3,1,11,HOSPITAL NACIONAL DE CHALCHUAPA,02032212951010
3,1,11,HOSPITAL NACIONAL DE ILOBASCO,09031006961016
3,1,11,HOSPITAL NACIONAL DE JIQUILISCO,06141006961058
3,1,11,"HOSPITAL NACIONAL DE LA MUJER ""DOCTORA MARIA ISABEL RODRIGUEZ",06143102220012
3,1,11,HOSPITAL NACIONAL DE LA UNION,14082212951012
3,1,11,HOSPITAL NACIONAL DE METAPAN,02071006961012
3,1,11,HOSPITAL NACIONAL DE NIÑOS BENJAMIN BLOOM,06142102220025
3,1,11,HOSPITAL NACIONAL DE NUEVA CONCEPCION,04161406961018
3,1,11,HOSPITAL NACIONAL DE NUEVA GUADALUPE,12100108881011
3,1,11,HOSPITAL NACIONAL DR HECTOR ANTONIO    HERNANDEZ FLORES SAN FRANCISCO GOTERA,13191603871013
3,1,11,"HOSPITAL NACIONAL DR JORGE MAZZINI VILLACORTA, SONSONATE",03151802220016
3,1,11,HOSPITAL NACIONAL DR JOSE ANTONIO ZALDAÑA NEUMOLOGIA Y MEDICINA FAMILIAR,06141502220042
3,1,11,HOSPITAL NACIONAL DR JUAN JOSE FERNANDEZ ZACAMIL,06141905891043
3,1,11,HOSPITAL NACIONAL FRANCISCO MENENDEZ,01012812831013
3,1,11,HOSPITAL NACIONAL FRANCISCO MENENDEZ DE AHUACHAPAN,01012812831013
3,1,11,HOSPITAL NACIONAL LUIS EDMUNDO VASQUEZ,04071902220015
3,1,11,HOSPITAL NACIONAL MONSEÑOR OSCAR ARNULFO ROMERO Y GALDAMEZ CIUDAD BARRIOS,12021006961013
3,1,11,HOSPITAL NACIONAL NUESTRA SENORA DE FATIMA,07021006961013
3,1,11,HOSPITAL NACIONAL PSIQUIATRICO DR JOSE  MOLINA MARTINEZ,06171402220019
3,1,11,HOSPITAL NACIONAL ROSALES,06141102220026
3,1,11,HOSPITAL NACIONAL SAN BARTOLO ENFERMERA ANGELICA VIDAL DE NAJARRO,06141006961040
3,1,11,HOSPITAL NACIONAL SAN JUAN DE DIOS      DE SAN MIGUEL,12171302220016
3,1,11,HOSPITAL NACIONAL SAN JUAN DE DIOS DE SANTA ANA,02101602220018
3,1,11,HOSPITAL NACIONAL SAN PEDRO USULUTAN,11231102220020
3,1,11,HOSPITAL NACIONAL SAN RAFAEL,05110102220013
3,1,11,HOSPITAL NACIONAL SANTA GERTRUDIS SAN VICENTE,10101102220016
3,1,11,HOSPITAL NACIONAL SANTA ROSA DE LIMA,14162212951016
3,1,11,HOSPITAL NACIONAL SANTA TERESA,08212102220020
3,1,11,HOSPITAL NACIONAL SANTIAGO DE MARIA,11211406961012
3,1,11,HOSPITAL NACIONAL SENSUNTEPEQUE,09061006961012
3,1,11,HOSPITAL NACIONAL SUCHITOTO,07151406961013
3,6,1,INST SALV DE TRANSFORMACION AGRARIA,06143101310030
6,,,INSTITUTO DE ACCESO A LA INFORMACION PUBLICA,06142302131105
3,14,9,INSTITUTO DE LEGALIZACION DE LA PROPIEDAD,06142602911048
3,14,7,INSTITUTO DE PREVISION SOCIAL DE LA FUERZA ARMADA,06142002780033
3,2,10,INSTITUTO ESPECIALIZADO DE EDUCACION SUPERIOR PARA LA FORMACION DIPLOMATICA,06142408101078
6,,,INSTITUTO MUNICIPAL DE DEPORTES Y RECREACION,06141107061074
3,2,3,INSTITUTO NACIONAL CANTON SAN JOSE LOS SITIOS,05190401991010
3,12,14,INSTITUTO NACIONAL DE LOS DEPORTES DE E S PROVISION DE SERVICIOS DE SALUD PARA ATLETAS DE ALTO RENDIMIENTO,06142806800021
3,6,15,INSTITUTO NACIONAL DEL AZUCAR,06142005800020
3,14,5,INSTITUTO NACIONAL PENSIONES EMPLEADOS  PUBLICOS,06142410750025
3,1,15,INSTITUTO SALV DE REHABILITAC DE INVAL,04070504540023
3,2,3,INSTITUTO SALVADOREÑO DE BIENESTAR MAGISTERIAL,06142211071037
6,,,INSTITUTO SALVADOREÑO DE DESARROLLO MUNICIPAL,06140403871018
3,14,16,INSTITUTO SALVADOREÑO DE FOMENTO COOPERA,06142103390066
3,14,16,INSTITUTO SALVADOREÑO DE FOMENTO COOPERATIVO,06142103390066
3,14,16,INSTITUTO SALVADOREÑO DE FORMAC PROFESIONAL,06140206931050
3,14,16,INSTITUTO SALVADOREÑO DE FORMACION PROFECIONAL,06140206931050
3,14,15,INSTITUTO SALVADOREÑO DE INVESTIGACION  DEL CAFE,74751103310220
3,14,15,INSTITUTO SALVADOREÑO DE INVESTIGACIONES DEL CAFE,74751103310220
3,1,11,INSTITUTO SALVADOREÑO DE REHABILITACION INTEGRAL,06141703240019
3,6,1,INSTITUTO SALVADOREÑO DE TRANSFORMACION AGRARIA,06143101310030
3,8,13,INSTITUTO SALVADOREÑO DE TURISMO,06141101360072
2,1,11,INSTITUTO SALVADOREÑO DEL SEGURO SOCIAL,06140312530021
3,14,16,INSTITUTO SALVADOREÑO PARA EL DESARROLLO DE LA MUJER,06142902961063
3,14,11,INSTITUTO SALVADOREÑO PARA EL DESARROLLOINTEGRAL DE LA NIÑEZ Y LA ADOLECENCIA,06141103931058
2,14,5,LOTERIA NACIONAL DE BENEFICENCIA,06141101110031
1,12,15,MINISTERIO CULTURA Y COMUNICACIONES,06140106850017
1,6,1,MINISTERIO DE AGRICULTURA,06140101310069
1,6,1,MINISTERIO DE AGRICULTURA Y GANADERIA,06140101310069
1,5,15,MINISTERIO DE COMERCIO EXTERIOR,06141903820032
1,12,15,MINISTERIO DE CULTURA Y COMUNICACIONES,06140106850017
1,5,2,MINISTERIO DE ECONOMIA,06140101140073
1,2,3,MINISTERIO DE EDUCACION,06140101210038
1,13,4,MINISTERIO DE GOBERNACIONY DESARROLLO TERRITORIAL,06140101021015
1,5,5,MINISTERIO DE HACIENDA,06140101110032
1,4,6,MINISTERIO DE JUSTICIA,06140101110068
1,4,6,MINISTERIO DE JUSTICIA Y SEGURIDAD PUBLICA,06140101071012
1,3,7,MINISTERIO DE LA DEFENSA NACIONAL - ESTADO MAYOR PRESIDENCIAL,06140101160060
1,7,8,MINISTERIO DE MEDIO AMBIENTE Y RECURSOS- NATURALES,06141605971045
1,9,9,MINISTERIO DE OBRAS PUBLICAS,06140101110081
1,14,10,MINISTERIO DE RELACIONES EXTERIORES,06140101130031
1,1,11,MINISTERIO DE SALUD PUBLICA Y ASISTENCIA,06140101220032
1,1,11,MINISTERIO DE SALUD PUBLICA Y ASISTENCIASOCIAL,06140101220032
1,4,6,MINISTERIO DE SEGURIDAD PUBLICA Y JUSTICIA,06142312991030
1,14,12,MINISTERIO DE TRABAJO Y PREVISION SOCIAL,06140101250036
1,8,13,MINISTERIO DE TURISMO,06140106041030
1,13,15,MINISTERIO DEL INTERIOR,06140101021015
1,14,15,MINISTERIO PLANIF COORDINACION DEL DESARROLLO  ECONOMICO Y SOCIAL,06140101140050
1,14,15,MINISTERIO PLANIFICACION COORD DESAR ECO,06140101140050
6,,,MINISTERIO PUBLICO (FISCALIA GRAL REPUBL,06140101240055
6,,,MINISTERIO PUBLICO FISCALIA GRAL,06140101240055
6,,,MINISTERIO PUBLICO FISCALIA GRAL DE LA  REPUBLICA,06140101240055
6,,,MINISTERIO PUBLICO FISCALIA GRAL DE LA R,06140101240055
6,,,MINISTERIO PUBLICO FISCALIA GRAL DE LA REPUBLICA,06140101240055
6,,,MINISTERIO PUBLICO PROCURADURIA GENERAL,06140101240055
6,,,MINISTERIO PUBLICO PROCURADURIA GENERAL DE LA REPUBLICA,06140101240055
6,,,MINISTERIO PUBLICO PROCURADURIA GRAL DE,06140101240055
6,,,MINISTERIO PUBLICO RPCURADURIA GENERAL DE LA REPUBLICA,06140101240055
6,,,MISION TECNICA DE TAIWAN,06140910790038
5,,,MUNICIPIO  DE AHUACHAPAN,01010106111010
5,,,MUNICIPIO  DE CANDELARIA LA FRONTERA,02010210790019
5,,,MUNICIPIO  DE CHALATENANGO,04070106110016
5,,,MUNICIPIO  DE CHALCHUAPA,02030106110012
5,,,MUNICIPIO  DE CONCEPCION DE  ATACO,01040110790019
5,,,MUNICIPIO  DE EL REFUGIO,01050110790019
5,,,MUNICIPIO  DE ESTANZUELAS,11071110790010
5,,,MUNICIPIO  DE IZALCO,03060106110014
5,,,MUNICIPIO  DE JUCUAPA,11091110790010
5,,,MUNICIPIO  DE JUCUARAN,11101110790011
5,,,MUNICIPIO  DE LA REINA,04132406301018
5,,,MUNICIPIO  DE LAS VUELTAS,06142607001015
5,,,MUNICIPIO  DE NUEVA GRANADA,11121110790011
5,,,MUNICIPIO  DE SAN AGUSTIN,11151110790011
5,,,MUNICIPIO  DE SAN JOSE LAS FLORES,04280410790010
5,,,MUNICIPIO  DE SAN SEBASTIAN SALI,02090210790019
5,,,MUNICIPIO  DE SANTA ANA,02100106110025
5,,,MUNICIPIO  DE SANTA ELENA,11181110790011
5,,,MUNICIPIO  DE SANTIAGO DE LA FRONTERA,02120210790010
5,,,MUNICIPIO  DE SANTO DOMINGO DE GUZMAN,03140310790010
5,,,MUNICIPIO  DE TACUBA,01110110790010
5,,,MUNICIPIO  DE TURIN,01120110790010
5,,,MUNICIPIO  DE USULUTAN,11230106110027
5,,,MUNICIPIO  DE VILLA EL CONGO,02040210790019
5,,,MUNICIPIO  VILLA DE OZATLAN,11131110790011
5,,,MUNICIPIO DE  DULCE NOMBRE DE MARIA,04080410790019
5,,,MUNICIPIO DE  EL PARAISO,04100410790010
5,,,MUNICIPIO DE  EREGUAYQUIN,03000111060010
5,,,MUNICIPIO DE  NOMBRE DE JESUS,04150410790010
5,,,MUNICIPIO DE  ZARAGOZA,05220510790010
5,,,MUNICIPIO DE ACAJUTLA,03010106110014
5,,,MUNICIPIO DE AGUA CALIENTE,04010410790019
5,,,MUNICIPIO DE AGUILARES,06010600790019
5,,,MUNICIPIO DE ALEGRIA,11011110790010
5,,,MUNICIPIO DE ANAMOROS,14011410790010
5,,,MUNICIPIO DE ANTIGUO CUSCATLAN,05010106110018
5,,,MUNICIPIO DE APASTEPEQUE,10011010790010
5,,,MUNICIPIO DE APOPA,06023006780013
5,,,MUNICIPIO DE ARAMBALA,13011310790010
5,,,MUNICIPIO DE ARCATAO,04020410790019
5,,,MUNICIPIO DE ARMENIA,03022302780018
5,,,MUNICIPIO DE ATIQUIZAYA,01030110790019
5,,,MUNICIPIO DE AYUTUXTEPEQUE,06140106110058
5,,,MUNICIPIO DE AZACUALPA,04031402490017
5,,,MUNICIPIO DE BERLIN,11020304780011
5,,,MUNICIPIO DE BOLIVAR,14021410790010
5,,,MUNICIPIO DE CACAOPERA,13021310790010
5,,,MUNICIPIO DE CALIFORNIA,11031110790010
5,,,MUNICIPIO DE CALUCO,03030310790019
5,,,MUNICIPIO DE CANDELARIA,07010710790019
5,,,MUNICIPIO DE CAROLINA,12011210790010
5,,,MUNICIPIO DE CHAPELTIQUE,12041210790010
5,,,MUNICIPIO DE CHILANGA,13041310790010
5,,,MUNICIPIO DE CHILTIUPAN,05050510790019
5,,,MUNICIPIO DE CHINAMECA,12051210790010
5,,,MUNICIPIO DE CHIRILAGUA,12061210790010
5,,,MUNICIPIO DE CINQUERA,09011305471016
5,,,MUNICIPIO DE CITALA,04040410790019
5,,,MUNICIPIO DE CIUDAD ARCE,05020510790019
5,,,MUNICIPIO DE CIUDAD BARRIOS,12022104131017
5,,,MUNICIPIO DE CIUDAD DELGADO,06190106110010
5,,,MUNICIPIO DE CIUDAD DOLORES,09090910790019
5,,,MUNICIPIO DE COATEPEQUE,02020106110012
5,,,MUNICIPIO DE COJUTEPEQUE,07020106110011
5,,,MUNICIPIO DE COMACARAN,12031210790010
5,,,MUNICIPIO DE COMALAPA,04050410790019
5,,,MUNICIPIO DE COMASAGUA,05042503240019
5,,,MUNICIPIO DE CONCEPCION BATRES,11041110790010
5,,,MUNICIPIO DE CONCEPCION DE ORIENTE,14031410790010
5,,,MUNICIPIO DE CONCEPCION QUEZALTEPEQUE,04060410790019
5,,,MUNICIPIO DE CONCHAGUA,14041410790010
5,,,MUNICIPIO DE CORINTO,13031310790010
5,,,MUNICIPIO DE CUISNAHUAT,03040310790019
5,,,MUNICIPIO DE CUSCATANCINGO,06040709770018
5,,,MUNICIPIO DE CUYULTITAN,08010810790019
5,,,MUNICIPIO DE DELICIAS DE CONCEPCION,13051310790010
5,,,MUNICIPIO DE EL CARMEN,14051410790010
5,,,MUNICIPIO DE EL CARRIZAL,04090410790019
5,,,MUNICIPIO DE EL DIVISADERO,13061310790010
5,,,MUNICIPIO DE EL PAISNAL,06050610790019
5,,,MUNICIPIO DE EL ROSARIO,13071310790010
5,,,MUNICIPIO DE EL SAUCE,14061410790010
5,,,MUNICIPIO DE EL TRANSITO,12071210790010
5,,,MUNICIPIO DE EL TRIUNFO,11051110790010
5,,,MUNICIPIO DE EL YAMABAL,13251310790012
5,,,MUNICIPIO DE GUACOTECTI,09021002731010
5,,,MUNICIPIO DE GUADALUPE,10021010790010
5,,,MUNICIPIO DE GUALOCOCTI,13081310790010
5,,,MUNICIPIO DE GUATAJIAGUA,13091310790010
5,,,MUNICIPIO DE GUAYMANGO,01060110790019
5,,,MUNICIPIO DE GUAZAPA,06060610790019
5,,,MUNICIPIO DE HUIZUCAR,05060510790019
5,,,MUNICIPIO DE ILOBASCO,09030609790014
5,,,MUNICIPIO DE ILOPANGO,06070106110010
5,,,MUNICIPIO DE INTIPUCA,14071410790010
5,,,MUNICIPIO DE JAYAQUE,05070510790019
5,,,MUNICIPIO DE JERUSALEN,08030810790019
5,,,MUNICIPIO DE JICALAPA,05080510790019
5,,,MUNICIPIO DE JIQUILISCO,11081110790010
5,,,MUNICIPIO DE JOATECA,13101310790011
5,,,MUNICIPIO DE JOCOAITIQUE,13111508551016
5,,,MUNICIPIO DE JOCORO,13121310790011
5,,,MUNICIPIO DE JUAYUA,03070106110014
5,,,MUNICIPIO DE JUJUTLA,01070110790019
5,,,MUNICIPIO DE JUTIAPA,09040910790019
5,,,MUNICIPIO DE LA LAGUNA,04110410790010
5,,,MUNICIPIO DE LA LIBERTAD,05090106110018
5,,,MUNICIPIO DE LA PALMA,04120410790010
5,,,MUNICIPIO DE LA UNION,14080106110019
5,,,MUNICIPIO DE LISLIQUE,14091410790010
5,,,MUNICIPIO DE LOLOTIQUE,12081210790010
5,,,MUNICIPIO DE LOLOTIQUILLO,13131310790011
5,,,MUNICIPIO DE MEANGUERA,13141310790011
5,,,MUNICIPIO DE MEANGUERA DEL GOLFO,14101706161019
5,,,MUNICIPIO DE MEJICANOS,06140106110046
5,,,MUNICIPIO DE MERCEDES LA CEIBA,08040810790019
5,,,MUNICIPIO DE MERCEDES UMAÑA,11111110790011
5,,,MUNICIPIO DE MONCAGUA,12091210760017
5,,,MUNICIPIO DE MONTE SAN JUAN,07050710790019
5,,,MUNICIPIO DE NAHUIZALCO,03080106110014
5,,,MUNICIPIO DE NAHULINGO,03090310790019
5,,,MUNICIPIO DE NEJAPA,06091010770010
5,,,MUNICIPIO DE NUEVA CONCEPCION,04160410790010
5,,,MUNICIPIO DE NUEVA ESPARTA,14111410790011
5,,,MUNICIPIO DE NUEVA GUADALUPE,12101210790011
5,,,MUNICIPIO DE NUEVA TRINIDAD,04170410790010
5,,,MUNICIPIO DE NUEVO CUSCATLAN,05100510790010
5,,,MUNICIPIO DE NUEVO EDEN DE SAN JUAN,12111210790011
5,,,MUNICIPIO DE NUEVO TEPETITAN,10121010790011
5,,,MUNICIPIO DE OJOS DE AGUA,04180410790010
5,,,MUNICIPIO DE OLOCUILTA,08050810790019
5,,,MUNICIPIO DE ORATORIO DE CONCEPCION,07060710790019
5,,,MUNICIPIO DE OSICALA,13151310790011
5,,,MUNICIPIO DE PANCHIMALCO,06100610790010
5,,,MUNICIPIO DE PASAQUINA,14121410790011
5,,,MUNICIPIO DE PERQUIN,13161310790011
5,,,MUNICIPIO DE POLOROS,01413140790011
5,,,MUNICIPIO DE POTONICO,04190410790010
5,,,MUNICIPIO DE PUERTO EL TRIUNFO,11141110790011
5,,,MUNICIPIO DE QUELEPA,12121210790011
5,,,MUNICIPIO DE QUEZALTEPEQUE,05120106110019
5,,,MUNICIPIO DE ROSARIO DE MORA,06110610790010
5,,,MUNICIPIO DE SACACOYO,05130510790010
5,,,MUNICIPIO DE SALCOATITAN,03100310790010
5,,,MUNICIPIO DE SAN ALEJO,14141410790011
5,,,MUNICIPIO DE SAN ANTONIO DE LA CRUZ,04200410790010
5,,,MUNICIPIO DE SAN ANTONIO DEL MONTE,03110310790010
5,,,MUNICIPIO DE SAN ANTONIO DEL MOSCO,12131210790011
5,,,MUNICIPIO DE SAN ANTONIO LOS RANCHOS,04210410790010
5,,,MUNICIPIO DE SAN ANTONIO MASAHUAT,08070810790019
5,,,MUNICIPIO DE SAN BARTOLOME PERULAPIA,07070710790019
5,,,MUNICIPIO DE SAN BUENAVENTURA,11161110790010
5,,,MUNICIPIO DE SAN CARLOS,13171310790011
5,,,MUNICIPIO DE SAN CAYETANO ISTEPEQUE,10031010790010
5,,,MUNICIPIO DE SAN DIONISIO,11171110790011
5,,,MUNICIPIO DE SAN EMIGDIO,08080810790019
5,,,MUNICIPIO DE SAN ESTEBAN CATARINA,10061010790010
5,,,MUNICIPIO DE SAN FERNANDO,04220410790010
5,,,MUNICIPIO DE SAN FRANCISCO     JAVIER,11191110790011
5,,,MUNICIPIO DE SAN FRANCISCO CHINAMECA,08090810790019
5,,,MUNICIPIO DE SAN FRANCISCO DE GOTERA,13190106110018
5,,,MUNICIPIO DE SAN FRANCISCO LEMPA,05230410790010
5,,,MUNICIPIO DE SAN FRANCISCO MENENDEZ,01080101091012
5,,,MUNICIPIO DE SAN FRANCISCO MORAZAN,04240410790010
5,,,MUNICIPIO DE SAN GERARDO,12141903921011
5,,,MUNICIPIO DE SAN IGNACIO,04250410790010
5,,,MUNICIPIO DE SAN ILDEFONSO,10071010790010
5,,,MUNICIPIO DE SAN ISIDRO,13201310790012
5,,,MUNICIPIO DE SAN ISIDRO LABRADROR,04260410790010
5,,,MUNICIPIO DE SAN JORGE,12151210790011
5,,,MUNICIPIO DE SAN JOSE CANCASQUE,04270410790010
5,,,MUNICIPIO DE SAN JOSE GUAYABAL,07090710790019
5,,,MUNICIPIO DE SAN JOSE LA FUENTE,14151410790011
5,,,MUNICIPIO DE SAN JOSE VILLANUEVA,05140510790010
5,,,MUNICIPIO DE SAN JUAN NONUALCO,08100810790010
5,,,MUNICIPIO DE SAN JUAN OPICO,05150106110019
5,,,MUNICIPIO DE SAN JUAN TALPA,08110800790010
5,,,MUNICIPIO DE SAN JUAN TEPEZONTE,08120810790010
5,,,MUNICIPIO DE SAN JULIAN,03120310790010
5,,,MUNICIPIO DE SAN LORENZO,10081010790010
5,,,MUNICIPIO DE SAN LUIS DE LA REINA,12161210790011
5,,,MUNICIPIO DE SAN LUIS DEL CARMEN,04290410790010
5,,,MUNICIPIO DE SAN LUIS LA HERRADURA,08222710841014
5,,,MUNICIPIO DE SAN LUIS TALPA,08130810790010
5,,,MUNICIPIO DE SAN MARCOS,06120106110010
5,,,MUNICIPIO DE SAN MARTIN,06131008770014
5,,,MUNICIPIO DE SAN MATIAS,05160510790010
5,,,MUNICIPIO DE SAN MIGUEL,12170106110016
5,,,MUNICIPIO DE SAN MIGUEL DE MERCEDES,64300410790011
5,,,MUNICIPIO DE SAN MIGUEL TEPEZONTES,08140810790010
5,,,MUNICIPIO DE SAN PABLO TACACHICO,05170510790010
5,,,MUNICIPIO DE SAN PEDRO MASAHUAT,08150810790010
5,,,MUNICIPIO DE SAN PEDRO NONUALCO,08160810790010
5,,,MUNICIPIO DE SAN PEDRO PERULAPAN,07100710790010
5,,,MUNICIPIO DE SAN PEDRO PUXTLA,01100110790010
5,,,MUNICIPIO DE SAN RAFAEL,04313101811010
5,,,MUNICIPIO DE SAN RAFAEL CEDROS,07110710790010
5,,,MUNICIPIO DE SAN RAFAEL OBRAJUELO,08170810790010
5,,,MUNICIPIO DE SAN RAFAEL ORIENTE,12181210790011
5,,,MUNICIPIO DE SAN RAMON,07120710790010
5,,,MUNICIPIO DE SAN SALVADOR,06140106110022
5,,,MUNICIPIO DE SAN SEBASTIAN,10091010790010
5,,,MUNICIPIO DE SAN SIMON,13211310790024
5,,,MUNICIPIO DE SAN VICENTE,10100106110012
5,,,MUNICIPIO DE SANTA CATARINA MASAHUAT,03130310790010
5,,,MUNICIPIO DE SANTA CLARA,10041010790010
5,,,MUNICIPIO DE SANTA CRUZ ANALQUITO,07130710790010
5,,,MUNICIPIO DE SANTA CRUZ MICHAPA,07140710790010
5,,,MUNICIPIO DE SANTA ISABEL ISHUATAN,03050310790019
5,,,MUNICIPIO DE SANTA MARIA OSTUMA,08180810790010
5,,,MUNICIPIO DE SANTA RITA,04320410790011
5,,,MUNICIPIO DE SANTA ROSA DE LIMA,14160106110010
5,,,MUNICIPIO DE SANTA ROSA GUACHIPILIN,02110210790010
5,,,MUNICIPIO DE SANTA TECLA,05110106110019
5,,,MUNICIPIO DE SANTIAGO DE MARIA,11210807770019
5,,,MUNICIPIO DE SANTIAGO NONUALCO,08190810790010
5,,,MUNICIPIO DE SANTO DOMINGO,10051010790010
5,,,MUNICIPIO DE SANTO TOMAS,06160610790010
5,,,MUNICIPIO DE SENSEMBRA,13211310790012
5,,,MUNICIPIO DE SENSUNTEPEQUE,09060106110015
5,,,MUNICIPIO DE SESORI,12191210790011
5,,,MUNICIPIO DE SOCIEDAD,13231310790012
5,,,MUNICIPIO DE SONSONATE,03150106110015
5,,,MUNICIPIO DE SONZACATE,03160310790010
5,,,MUNICIPIO DE SOYAPANGO,06170106110010
5,,,MUNICIPIO DE SUCHITOTO,07150106110012
5,,,MUNICIPIO DE TALNIQUE,05190510790010
5,,,MUNICIPIO DE TAMANIQUE,05180510790010
5,,,MUNICIPIO DE TAPALHUACA,08202003161014
5,,,MUNICIPIO DE TECAPAN,11221110790012
5,,,MUNICIPIO DE TECOLUCA,10111010790011
5,,,MUNICIPIO DE TEJUTEPEQUE,09070910790019
5,,,MUNICIPIO DE TEJUTLA,04330410790011
5,,,MUNICIPIO DE TENANCINGO,07160710790010
5,,,MUNICIPIO DE TEOTEPEQUE,05200510790010
5,,,MUNICIPIO DE TEPECOYO,05210510790010
5,,,MUNICIPIO DE TONACATEPEQUE,06180602781011
5,,,MUNICIPIO DE TOROLA,13241310790012
5,,,MUNICIPIO DE ULUAZAPA,12201210790012
5,,,MUNICIPIO DE VERAPAZ,10131010790011
5,,,MUNICIPIO DE VICTORIA,09080910790019
5,,,MUNICIPIO DE VILLA COLON,05030306790013
5,,,MUNICIPIO DE VILLA SAN CRISTOBAL,07080710790019
5,,,MUNICIPIO DE YAYANTIQUE,14171410790011
5,,,MUNICIPIO DE YOLOAIQUIN,13261310790012
5,,,MUNICIPIO DE YUCUAIQUIN,14181410790011
5,,,MUNICIPIO DE ZACATECOLUCA,08210106110015
5,,,MUNICIPIO EL ROSARIO LA PAZ,08020810790019
5,,,MUNICIPIO L DE SAN LORENZO,01090110790019
5,,,MUNICIPIO PARAISO DE OSORIO,08060810790019
5,,,MUNICIPIO SANTA MARIA,11201110790012
5,,,MUNICPIO  DE APANECA,01022704931015
5,,,MUNICPIO  DE MASAHUAT,02060210790019
5,,,MUNICPIO  DE METAPAN,02070106110024
5,,,MUNICPIO  DE SAN ANTONIO PAJONAL,02080210790019
5,,,MUNICPIO DE  EL PORVENIR,02050210790019
5,,,MUNICPIO DE TEXISTEPEQUE,02130210790010
6,,,OFICINA COORDINADORA DE PROYECTOS,06141009810044
6,,,OFICINA DE PLANIFICACION DEL AREA METROPOLITANA DE SAN SALVADOR,06142910881052
3,14,2,ORGANISMO PROMOTOR DE EXPORTACIONES E INVERSIONES DE EL SALVADOR,06142310041069
6,,,ORGANO JUDICIAL,06140101150042
6,,,PARLAMENTO CENTROAMERICANO SUBSEDE DE ELSALVADOR,06140810871065
1,14,4,PATRONATO DEL CUERPO DE BOMBEROS DE EL SALVADOR,06140101021015
3,14,15,PENSIONADOS INPEP-SALUD,06142410750025
6,,,PLANIFICACION Y EVALUACION DE LA REFORMA AGRARIA,06140205830010
3,4,6,POLICIA NACIONAL CIVIL,06142506921040
1,14,14,PRESIDENCIA DE LA REPUBLICA,06140101110100
6,,,PROCURADURIA AUXILIAR DE USULUTAN,06140101240055
6,,,PROCURADURIA DEFENSA DERECHOS HUMANOS,06140603921028
6,,,PROCURADURIA PARA DEFENSA DERECHOS HUMANOS,06140603921028
6,,,PROCURADURIA PARA LA DEFENSA DE LOS DERECHOS HUMANOS,06140603921028
6,,,PROYECTO ASESORAMIENTO AL INSTITUTO SALVADOREÑO DE DESARROLLO MUNICIPAL,06140403871018
3,14,16,REGISTRO NACIONAL DE LAS PERSONAS NATURALES,06142710951080
1,12,14,SECRETARIA DE CULTURA DE LA PRESIDENCIA DE LA REPUBLICA,06140101110100
6,,,SECRETARIA DE CULTURA DE SAN SALVADOR,06142005151075
6,,,SECRETARIA DE RECONSTRUCCION NACIONAL,06142702921067
1,7,15,SECRETARIA EJECUTIVA DEL MEDIO AMBIENTE,06141605971045
1,14,14,SECRETARIA TECNICA Y DE PLANIFICACION DE LA PRESIDENCIA,06140101110100
3,14,15,SERVICIO NACIONAL DE ESTUDIOS TERRITORIALES,06141409011033
6,,,SOCIEDAD DE EMPLEADOS DEL INSTITUTO DE  VIVIENDA URBANA,06141101260028
3,14,16,SUPERINTENDENCIA DE COMPETENCIA,06142611041080
3,14,15,SUPERINTENDENCIA DE PENSIONES,06140101971013
3,14,15,SUPERINTENDENCIA DE VALORES,06142009961063
3,14,16,SUPERINTENDENCIA DEL SISTEMA FINANCIERO,04142211901056
3,14,16,SUPERINTENDENCIA GENERAL DE ELECTRICIDAD Y TELECOMUNICACIONES,06141209961045
6,,,TRIBUNAL DE ETICA GUBERNAMENTAL,06140107061019
6,,,TRIBUNAL DE SERVICIO CIVIL,06140101110044
6,,,TRIBUNAL SUPREMO ELECTORAL,06140101110056
6,,,UNIDAD COORDINADORA DE PROGRAMA PROYECTO DE APOYO A LA MODERNIZACION DEL MSPAS,06141303991055
6,,,UNIDAD COORDINADORA DE PROYECTOS DE OBRAS PUBLICAS TRANSPORTE VIVIENDA Y DESARROLLO URBANO,06141003971079
6,,,UNIDAD EJECUTORA DE PROYECTOS DEL PROGRAMA DE SALUD BASICA RURAL DE SNN MIGUEL,06142008971057
6,,,UNIDAD TECNICA EJECUTIVA DEL SECTOR JUSTICIA,06142202961046
6,,,UNIDAD TECNICA EJECUTORA PROYECTO DE REFORMA JUDICIAL II,06142611921056
6,,,UNIVERSIDAD DE EL SALVADOR,06141101210013
1,4,6,VICEMINISTERIO DE SEGURIDAD PUBLICA,06142705941085
1,11,9,VICEMINISTERIO DE TRANSPORTE,06140101110081
1,9,9,VICEMINISTERIO DE VIVIENDA Y DESARROLLO URBANO,06140101110081
