patronal,institución,Agrupacion de Acuedo ley de Presupuesto,Agrupacion por Órganos del Estado,Agrupacion por areas de gestión
801890106,MINISTERIO DE RELACIONES EXTERIORES,Gobierno Central,Órgano Ejecutivo,Otros
1150374,INSTITUTO ESPECIALIZADO DE EDUCACION SUPERIOR FORMACION DIPLOMATICA,Gobierno Central,Órgano Ejecutivo,"Educación, ciencia y tecnología"
701150462,DIRECCION GENERAL DE MIGRACION,Gobierno Central,Órgano Ejecutivo,Seguridad pública
10790002,MINISTERIO DE TRABAJO Y PREVISION SOCIAL,Gobierno Central,Órgano Ejecutivo,Protección y Seguridad Social
11790006,MINISTERIO DE TRABAJO Y PREVISION SOCIAL,Gobierno Central,Órgano Ejecutivo,Protección y Seguridad Social
204800009,MINISTERIO DE TRABAJO Y PREVISION SOCIAL,Gobierno Central,Órgano Ejecutivo,Protección y Seguridad Social
303790002,MINISTERIO DE TRABAJO Y PREVISION SOCIAL,Gobierno Central,Órgano Ejecutivo,Protección y Seguridad Social
312890003,MINISTERIO DE TRABAJO Y PREVISION SOCIAL,Gobierno Central,Órgano Ejecutivo,Protección y Seguridad Social
514800009,MINISTERIO DE TRABAJO Y PREVISION SOCIAL,Gobierno Central,Órgano Ejecutivo,Protección y Seguridad Social
602890023,MINISTERIO DE TRABAJO Y PREVISION SOCIAL,Gobierno Central,Órgano Ejecutivo,Protección y Seguridad Social
606800009,MINISTERIO DE TRABAJO Y PREVISION SOCIAL,Gobierno Central,Órgano Ejecutivo,Protección y Seguridad Social
701890131,MINISTERIO DE TRABAJO Y PREVISION SOCIAL,Gobierno Central,Órgano Ejecutivo,Protección y Seguridad Social
807800009,MINISTERIO DE TRABAJO Y PREVISION SOCIAL,Gobierno Central,Órgano Ejecutivo,Protección y Seguridad Social
6800006,MINISTERIO DE OBRAS PUBLICAS,Gobierno Central,Órgano Ejecutivo,"Obras Públicas, Transporte, Vivienda y Desarrollo Territorial"
8890007,MINISTERIO DE OBRAS PUBLICAS,Gobierno Central,Órgano Ejecutivo,"Obras Públicas, Transporte, Vivienda y Desarrollo Territorial"
103790001,MINISTERIO DE OBRAS PUBLICAS,Gobierno Central,Órgano Ejecutivo,"Obras Públicas, Transporte, Vivienda y Desarrollo Territorial"
112890007,MINISTERIO DE OBRAS PUBLICAS,Gobierno Central,Órgano Ejecutivo,"Obras Públicas, Transporte, Vivienda y Desarrollo Territorial"
207800006,MINISTERIO DE OBRAS PUBLICAS,Gobierno Central,Órgano Ejecutivo,"Obras Públicas, Transporte, Vivienda y Desarrollo Territorial"
209890007,MINISTERIO DE OBRAS PUBLICAS,Gobierno Central,Órgano Ejecutivo,"Obras Públicas, Transporte, Vivienda y Desarrollo Territorial"
211790007,MINISTERIO DE OBRAS PUBLICAS,Gobierno Central,Órgano Ejecutivo,"Obras Públicas, Transporte, Vivienda y Desarrollo Territorial"
313890007,MINISTERIO DE OBRAS PUBLICAS,Gobierno Central,Órgano Ejecutivo,"Obras Públicas, Transporte, Vivienda y Desarrollo Territorial"
401890160,MINISTERIO DE OBRAS PUBLICAS,Gobierno Central,Órgano Ejecutivo,"Obras Públicas, Transporte, Vivienda y Desarrollo Territorial"
602890028,MINISTERIO DE OBRAS PUBLICAS,Gobierno Central,Órgano Ejecutivo,"Obras Públicas, Transporte, Vivienda y Desarrollo Territorial"
604800006,MINISTERIO DE OBRAS PUBLICAS,Gobierno Central,Órgano Ejecutivo,"Obras Públicas, Transporte, Vivienda y Desarrollo Territorial"
605890008,MINISTERIO DE OBRAS PUBLICAS,Gobierno Central,Órgano Ejecutivo,"Obras Públicas, Transporte, Vivienda y Desarrollo Territorial"
810790001,MINISTERIO DE OBRAS PUBLICAS,Gobierno Central,Órgano Ejecutivo,"Obras Públicas, Transporte, Vivienda y Desarrollo Territorial"
914800006,MINISTERIO DE OBRAS PUBLICAS,Gobierno Central,Órgano Ejecutivo,"Obras Públicas, Transporte, Vivienda y Desarrollo Territorial"
801981245,UNIDAD COORD DE PROY OBRAS PUBLIC TRANS,Gobierno Central,Órgano Ejecutivo,"Obras Públicas, Transporte, Vivienda y Desarrollo Territorial"
101980205,VICEMINISTERIO DE TRANSPORTE,Gobierno Central,Órgano Ejecutivo,"Obras Públicas, Transporte, Vivienda y Desarrollo Territorial"
301970047,VICEMINISTERIO DE VIVIENDA Y DESARROLLO URBANO,Gobierno Central,Órgano Ejecutivo,"Obras Públicas, Transporte, Vivienda y Desarrollo Territorial"
10790007,INSTITUTO DE VIVIENDA URBANA  (IVU),Gobierno Central,Órgano Ejecutivo,"Obras Públicas, Transporte, Vivienda y Desarrollo Territorial"
411790008,INSTITUTO DE VIVIENDA URBANA  (IVU),Gobierno Central,Órgano Ejecutivo,"Obras Públicas, Transporte, Vivienda y Desarrollo Territorial"
9890006,MINISTERIO DE JUSTICIA,Gobierno Central,Órgano Ejecutivo,Seguridad pública
113890006,MINISTERIO DE JUSTICIA,Gobierno Central,Órgano Ejecutivo,Seguridad pública
114800002,MINISTERIO DE JUSTICIA,Gobierno Central,Órgano Ejecutivo,Seguridad pública
206800002,MINISTERIO DE JUSTICIA,Gobierno Central,Órgano Ejecutivo,Seguridad pública
301890151,MINISTERIO DE JUSTICIA,Gobierno Central,Órgano Ejecutivo,Seguridad pública
402890027,MINISTERIO DE JUSTICIA,Gobierno Central,Órgano Ejecutivo,Seguridad pública
405890007,MINISTERIO DE JUSTICIA,Gobierno Central,Órgano Ejecutivo,Seguridad pública
407800002,MINISTERIO DE JUSTICIA,Gobierno Central,Órgano Ejecutivo,Seguridad pública
410790004,MINISTERIO DE JUSTICIA,Gobierno Central,Órgano Ejecutivo,Seguridad pública
611790004,MINISTERIO DE JUSTICIA,Gobierno Central,Órgano Ejecutivo,Seguridad pública
703790004,MINISTERIO DE JUSTICIA,Gobierno Central,Órgano Ejecutivo,Seguridad pública
804800002,MINISTERIO DE JUSTICIA,Gobierno Central,Órgano Ejecutivo,Seguridad pública
401070365,MINISTERIO DE SEGURIDAD PUBLICA Y JUSTICIA,Gobierno Central,Órgano Ejecutivo,Seguridad pública
501000233,MINISTERIO DE SEGURIDAD PUBLICA Y JUSTICIA,Gobierno Central,Órgano Ejecutivo,Seguridad pública
901950448,VICEMINISTERIO DE SEGURIDAD PUBLICA,Gobierno Central,Órgano Ejecutivo,Seguridad pública
801000363,DIRECCION GENERAL DE CENTROS PENALES Y READAPTACION,Gobierno Central,Órgano Ejecutivo,Seguridad pública
8960033,POLICIA NACIONAL CIVIL,Gobierno Central,Órgano Ejecutivo,Seguridad pública
102960401,POLICIA NACIONAL CIVIL,Gobierno Central,Órgano Ejecutivo,Seguridad pública
212940004,POLICIA NACIONAL CIVIL,Gobierno Central,Órgano Ejecutivo,Seguridad pública
213940003,POLICIA NACIONAL CIVIL,Gobierno Central,Órgano Ejecutivo,Seguridad pública
214940002,POLICIA NACIONAL CIVIL,Gobierno Central,Órgano Ejecutivo,Seguridad pública
306940002,POLICIA NACIONAL CIVIL,Gobierno Central,Órgano Ejecutivo,Seguridad pública
410940007,POLICIA NACIONAL CIVIL,Gobierno Central,Órgano Ejecutivo,Seguridad pública
411940006,POLICIA NACIONAL CIVIL,Gobierno Central,Órgano Ejecutivo,Seguridad pública
501930322,POLICIA NACIONAL CIVIL,Gobierno Central,Órgano Ejecutivo,Seguridad pública
507940002,POLICIA NACIONAL CIVIL,Gobierno Central,Órgano Ejecutivo,Seguridad pública
704940001,POLICIA NACIONAL CIVIL,Gobierno Central,Órgano Ejecutivo,Seguridad pública
705960043,POLICIA NACIONAL CIVIL,Gobierno Central,Órgano Ejecutivo,Seguridad pública
903940008,POLICIA NACIONAL CIVIL,Gobierno Central,Órgano Ejecutivo,Seguridad pública
909940002,POLICIA NACIONAL CIVIL,Gobierno Central,Órgano Ejecutivo,Seguridad pública
301890232,COMISION DE INVESTIGACION DE HECHOS DELICTIVOS (ABSORVIDA POR PNC),Gobierno Central,Órgano Ejecutivo,Seguridad pública
501990287,"UNIDAD TECNICA EJECUTIVA DEL SECTOR JUSTICIA ""UTE""  (PROYECTO GOES/AID)",Otros,Otros,Seguridad pública
701930688,UNIDAD TECNICA EJECUTIVA PROYECTO REFORMA JUDICIAL II (UTE),Otros,Otros,Seguridad pública
902150180,ACADEMIA INTERNACIONAL PARA EL CUMPLIMIENTO DE LEY,Gobierno Central,Órgano Ejecutivo,Seguridad pública
105890014,MINISTERIO DE EDUCACION,Gobierno Central,Órgano Ejecutivo,"Educación, ciencia y tecnología"
204800004,MINISTERIO DE EDUCACION,Gobierno Central,Órgano Ejecutivo,"Educación, ciencia y tecnología"
210790003,MINISTERIO DE EDUCACION,Gobierno Central,Órgano Ejecutivo,"Educación, ciencia y tecnología"
308890012,MINISTERIO DE EDUCACION,Gobierno Central,Órgano Ejecutivo,"Educación, ciencia y tecnología"
501890191,MINISTERIO DE EDUCACION,Gobierno Central,Órgano Ejecutivo,"Educación, ciencia y tecnología"
503790003,MINISTERIO DE EDUCACION,Gobierno Central,Órgano Ejecutivo,"Educación, ciencia y tecnología"
514800004,MINISTERIO DE EDUCACION,Gobierno Central,Órgano Ejecutivo,"Educación, ciencia y tecnología"
606800004,MINISTERIO DE EDUCACION,Gobierno Central,Órgano Ejecutivo,"Educación, ciencia y tecnología"
613890012,MINISTERIO DE EDUCACION,Gobierno Central,Órgano Ejecutivo,"Educación, ciencia y tecnología"
807800004,MINISTERIO DE EDUCACION,Gobierno Central,Órgano Ejecutivo,"Educación, ciencia y tecnología"
811790005,MINISTERIO DE EDUCACION,Gobierno Central,Órgano Ejecutivo,"Educación, ciencia y tecnología"
812890014,MINISTERIO DE EDUCACION,Gobierno Central,Órgano Ejecutivo,"Educación, ciencia y tecnología"
902890038,MINISTERIO DE EDUCACION,Gobierno Central,Órgano Ejecutivo,"Educación, ciencia y tecnología"
909890014,MINISTERIO DE EDUCACION,Gobierno Central,Órgano Ejecutivo,"Educación, ciencia y tecnología"
501020075,MINISTERIO DE GOBERNACION,Gobierno Central,Órgano Ejecutivo,Gobernación y Desarrollo Territorial
301890178,MINISTERIO DEL INTERIOR   (MINISTERIO GOBERNACION),Gobierno Central,Órgano Ejecutivo,Gobernación y Desarrollo Territorial
302890035,MINISTERIO DEL INTERIOR   (MINISTERIO GOBERNACION),Gobierno Central,Órgano Ejecutivo,Gobernación y Desarrollo Territorial
603790012,MINISTERIO DEL INTERIOR   (MINISTERIO GOBERNACION),Gobierno Central,Órgano Ejecutivo,Gobernación y Desarrollo Territorial
604800001,MINISTERIO DEL INTERIOR   (MINISTERIO GOBERNACION),Gobierno Central,Órgano Ejecutivo,Gobernación y Desarrollo Territorial
705890012,MINISTERIO DEL INTERIOR   (MINISTERIO GOBERNACION),Gobierno Central,Órgano Ejecutivo,Gobernación y Desarrollo Territorial
6800001,MINISTERIO DEL INTERIOR   (MINISTERIO GOBERNACION),Gobierno Central,Órgano Ejecutivo,Gobernación y Desarrollo Territorial
207800001,MINISTERIO DEL INTERIOR   (MINISTERIO GOBERNACION),Gobierno Central,Órgano Ejecutivo,Gobernación y Desarrollo Territorial
908890010,MINISTERIO DEL INTERIOR   (MINISTERIO GOBERNACION),Gobierno Central,Órgano Ejecutivo,Gobernación y Desarrollo Territorial
309890011,MINISTERIO DEL INTERIOR   (MINISTERIO GOBERNACION),Gobierno Central,Órgano Ejecutivo,Gobernación y Desarrollo Territorial
110790011,MINISTERIO DEL INTERIOR   (MINISTERIO GOBERNACION),Gobierno Central,Órgano Ejecutivo,Gobernación y Desarrollo Territorial
911790014,MINISTERIO DEL INTERIOR   (MINISTERIO GOBERNACION),Gobierno Central,Órgano Ejecutivo,Gobernación y Desarrollo Territorial
412890012,MINISTERIO DEL INTERIOR   (MINISTERIO GOBERNACION),Gobierno Central,Órgano Ejecutivo,Gobernación y Desarrollo Territorial
213890010,MINISTERIO DEL INTERIOR   (MINISTERIO GOBERNACION),Gobierno Central,Órgano Ejecutivo,Gobernación y Desarrollo Territorial
914800001,MINISTERIO DEL INTERIOR   (MINISTERIO GOBERNACION),Gobierno Central,Órgano Ejecutivo,Gobernación y Desarrollo Territorial
101690027,CIRCUITO DE TEATROS NACIONALES DE EL SALVADOR,Gobierno Central,Órgano Ejecutivo,"Cultura, turismo y deportes"
102690242,CIRCUITO DE TEATROS NACIONALES DE EL SALVADOR,Gobierno Central,Órgano Ejecutivo,"Cultura, turismo y deportes"
103690057,CIRCUITO DE TEATROS NACIONALES DE EL SALVADOR,Gobierno Central,Órgano Ejecutivo,"Cultura, turismo y deportes"
104680373,CIRCUITO DE TEATROS NACIONALES DE EL SALVADOR,Gobierno Central,Órgano Ejecutivo,"Cultura, turismo y deportes"
105690025,CIRCUITO DE TEATROS NACIONALES DE EL SALVADOR,Gobierno Central,Órgano Ejecutivo,"Cultura, turismo y deportes"
106690003,CIRCUITO DE TEATROS NACIONALES DE EL SALVADOR,Gobierno Central,Órgano Ejecutivo,"Cultura, turismo y deportes"
107680001,CIRCUITO DE TEATROS NACIONALES DE EL SALVADOR,Gobierno Central,Órgano Ejecutivo,"Cultura, turismo y deportes"
108680148,CIRCUITO DE TEATROS NACIONALES DE EL SALVADOR,Gobierno Central,Órgano Ejecutivo,"Cultura, turismo y deportes"
109680112,CIRCUITO DE TEATROS NACIONALES DE EL SALVADOR,Gobierno Central,Órgano Ejecutivo,"Cultura, turismo y deportes"
110690211,CIRCUITO DE TEATROS NACIONALES DE EL SALVADOR,Gobierno Central,Órgano Ejecutivo,"Cultura, turismo y deportes"
111690092,CIRCUITO DE TEATROS NACIONALES DE EL SALVADOR,Gobierno Central,Órgano Ejecutivo,"Cultura, turismo y deportes"
112680041,CIRCUITO DE TEATROS NACIONALES DE EL SALVADOR,Gobierno Central,Órgano Ejecutivo,"Cultura, turismo y deportes"
113680020,CIRCUITO DE TEATROS NACIONALES DE EL SALVADOR,Gobierno Central,Órgano Ejecutivo,"Cultura, turismo y deportes"
114690066,CIRCUITO DE TEATROS NACIONALES DE EL SALVADOR,Gobierno Central,Órgano Ejecutivo,"Cultura, turismo y deportes"
3950070,CUERPO DE BOMBEROS DE EL SALVADOR,Gobierno Central,Órgano Ejecutivo,Gobernación y Desarrollo Territorial
211950127,CUERPO DE BOMBEROS DE EL SALVADOR,Gobierno Central,Órgano Ejecutivo,Gobernación y Desarrollo Territorial
401950812,CUERPO DE BOMBEROS DE EL SALVADOR,Gobierno Central,Órgano Ejecutivo,Gobernación y Desarrollo Territorial
502950180,CUERPO DE BOMBEROS DE EL SALVADOR,Gobierno Central,Órgano Ejecutivo,Gobernación y Desarrollo Territorial
504960043,CUERPO DE BOMBEROS DE EL SALVADOR,Gobierno Central,Órgano Ejecutivo,Gobernación y Desarrollo Territorial
508950025,CUERPO DE BOMBEROS DE EL SALVADOR,Gobierno Central,Órgano Ejecutivo,Gobernación y Desarrollo Territorial
606950117,CUERPO DE BOMBEROS DE EL SALVADOR,Gobierno Central,Órgano Ejecutivo,Gobernación y Desarrollo Territorial
610950022,CUERPO DE BOMBEROS DE EL SALVADOR,Gobierno Central,Órgano Ejecutivo,Gobernación y Desarrollo Territorial
905950042,CUERPO DE BOMBEROS DE EL SALVADOR,Gobierno Central,Órgano Ejecutivo,Gobernación y Desarrollo Territorial
1971200,FONDO DE ACTVIDADES ESPC POR LA VENTA DE SERV PUBLIC DE RADIO NAC DE EL SALV,Gobierno Central,Órgano Ejecutivo,"Cultura, turismo y deportes"
501890152,COMISION NACIONAL DE ASISTENCIA A LA POBLACION DESPLAZADA  (CONADES),Gobierno Central,Órgano Ejecutivo,Protección y Seguridad Social
306890019,COMISION NACIONAL DE ASISTENCIA A LA POBLACION DESPLAZADA  (CONADES),Gobierno Central,Órgano Ejecutivo,Protección y Seguridad Social
309890016,COMISION NACIONAL DE ASISTENCIA A LA POBLACION DESPLAZADA  (CONADES),Gobierno Central,Órgano Ejecutivo,Protección y Seguridad Social
203790015,MINISTERIO DE ECONOMIA,Gobierno Central,Órgano Ejecutivo,Economía e inversión
301890139,MINISTERIO DE ECONOMIA,Gobierno Central,Órgano Ejecutivo,Economía e inversión
604800045,MINISTERIO DE ECONOMIA,Gobierno Central,Órgano Ejecutivo,Economía e inversión
606800021,MINISTERIO DE ECONOMIA,Gobierno Central,Órgano Ejecutivo,Economía e inversión
611790021,MINISTERIO DE ECONOMIA,Gobierno Central,Órgano Ejecutivo,Economía e inversión
801940437,DIRECCION GENERAL DE PROTECCION AL CONSUMIDOR,Gobierno Central,Órgano Ejecutivo,Órganos de control y supervisión
301890112,MINISTERIO DE COMERCIO EXTERIOR  (ABSORVIDO POR MIN ECONOMIA),Gobierno Central,Órgano Ejecutivo,Economía e inversión
601890144,MINISTERIO DE SALUD PUBLICA Y ASISTENCIA,Gobierno Central,Órgano Ejecutivo,Salud
202890026,MINISTERIO DE SALUD PUBLICA Y ASISTENCIA,Gobierno Central,Órgano Ejecutivo,Salud
203790010,MINISTERIO DE SALUD PUBLICA Y ASISTENCIA,Gobierno Central,Órgano Ejecutivo,Salud
404800005,MINISTERIO DE SALUD PUBLICA Y ASISTENCIA,Gobierno Central,Órgano Ejecutivo,Salud
205890006,MINISTERIO DE SALUD PUBLICA Y ASISTENCIA,Gobierno Central,Órgano Ejecutivo,Salud
806800005,MINISTERIO DE SALUD PUBLICA Y ASISTENCIA,Gobierno Central,Órgano Ejecutivo,Salud
7800005,MINISTERIO DE SALUD PUBLICA Y ASISTENCIA,Gobierno Central,Órgano Ejecutivo,Salud
808890006,MINISTERIO DE SALUD PUBLICA Y ASISTENCIA,Gobierno Central,Órgano Ejecutivo,Salud
609890004,MINISTERIO DE SALUD PUBLICA Y ASISTENCIA,Gobierno Central,Órgano Ejecutivo,Salud
910790010,MINISTERIO DE SALUD PUBLICA Y ASISTENCIA,Gobierno Central,Órgano Ejecutivo,Salud
711790013,MINISTERIO DE SALUD PUBLICA Y ASISTENCIA,Gobierno Central,Órgano Ejecutivo,Salud
512890004,MINISTERIO DE SALUD PUBLICA Y ASISTENCIA,Gobierno Central,Órgano Ejecutivo,Salud
713890004,MINISTERIO DE SALUD PUBLICA Y ASISTENCIA,Gobierno Central,Órgano Ejecutivo,Salud
714800005,MINISTERIO DE SALUD PUBLICA Y ASISTENCIA,Gobierno Central,Órgano Ejecutivo,Salud
302070056,DIRECCION REGIONAL DE SALUD CENTRAL,Gobierno Central,Órgano Ejecutivo,Salud
201070146,DIRECCION REGIONAL DE SALUD METROPOLITANA,Gobierno Central,Órgano Ejecutivo,Salud
111070002,DIRECCION REGIONAL DE SALUD OCCIDENTAL,Gobierno Central,Órgano Ejecutivo,Salud
706070032,DIRECCION REGIONAL DE SALUD ORIENTAL,Gobierno Central,Órgano Ejecutivo,Salud
609070003,DIRECCION REGIONAL DE SALUD PARACENTRAL,Gobierno Central,Órgano Ejecutivo,Salud
401111127,COMISIàN NACIONAL CONTRA EL SIDA (CONASIDA),Gobierno Central,Órgano Ejecutivo,Salud
211060053,HOSPITAL NACIONAL DE CHALCHUAPA,Gobierno Central,Órgano Ejecutivo,Salud
613030035,HOSPITAL NACIONAL DE ILOBASCO,Gobierno Central,Órgano Ejecutivo,Salud
604050087,HOSPITAL NACIONAL DE JIQUILISCO,Gobierno Central,Órgano Ejecutivo,Salud
314040021,HOSPITAL NACIONAL DE LA UNION,Gobierno Central,Órgano Ejecutivo,Salud
701030154,HOSPITAL NACIONAL DE MATERNIDAD DR RAUL ARGUELLO ESCOLAN,Gobierno Central,Órgano Ejecutivo,Salud
711060086,HOSPITAL NACIONAL DE METAPAN,Gobierno Central,Órgano Ejecutivo,Salud
601061196,HOSPITAL NACIONAL DE NI¥OS BENJAMIN BLOOM,Gobierno Central,Órgano Ejecutivo,Salud
512030022,HOSPITAL NACIONAL DE NUEVA CONCEPCION,Gobierno Central,Órgano Ejecutivo,Salud
606040120,HOSPITAL NACIONAL DE NUEVA GUADALUPE,Gobierno Central,Órgano Ejecutivo,Salud
107040010,HOSPITAL NACIONAL DR HECTOR ANTONIO    HERNANDEZ FLORES SAN FRANCISCO GOTERA,Gobierno Central,Órgano Ejecutivo,Salud
703030010,"HOSPITAL NACIONAL DR JORGE MAZZINI VILLACORTA, SONSONATE",Gobierno Central,Órgano Ejecutivo,Salud
401060282,HOSPITAL NACIONAL DR JOSE ANTONIO ZALDANA NEUMOLOGIA Y MEDICINA FAMILIAR,Gobierno Central,Órgano Ejecutivo,Salud
701051588,HOSPITAL NACIONAL DR JUAN JOSE FERNANDEZ ZACAMIL,Gobierno Central,Órgano Ejecutivo,Salud
810060013,HOSPITAL NACIONAL FRANCISCO MENENDEZ,Gobierno Central,Órgano Ejecutivo,Salud
912030024,HOSPITAL NACIONAL LUIS EDMUNDO VASQUEZ,Gobierno Central,Órgano Ejecutivo,Salud
306040132,HOSPITAL NACIONAL MONSE¥OR OSCAR ARNULFO ROMERO Y GALDAMEZ CIUDAD BARRIOS,Gobierno Central,Órgano Ejecutivo,Salud
808030029,HOSPITAL NACIONAL NUESTRA SENORA DE FATIMA,Gobierno Central,Órgano Ejecutivo,Salud
501030136,HOSPITAL NACIONAL PSIQUIATRICO DR JOSE  MOLINA MARTINEZ,Gobierno Central,Órgano Ejecutivo,Salud
901030317,HOSPITAL NACIONAL ROSALES,Gobierno Central,Órgano Ejecutivo,Salud
101060314,HOSPITAL NACIONAL SAN BARTOLO ENFERMERA ANGELICA VIDAL DE NAJARRO,Gobierno Central,Órgano Ejecutivo,Salud
506060090,HOSPITAL NACIONAL SAN JUAN DE DIOS      DE SAN MIGUEL,Gobierno Central,Órgano Ejecutivo,Salud
804060024,HOSPITAL NACIONAL SAN PEDRO USULUTAN,Gobierno Central,Órgano Ejecutivo,Salud
702050358,HOSPITAL NACIONAL SAN RAFAEL,Gobierno Central,Órgano Ejecutivo,Salud
209050029,HOSPITAL NACIONAL SANTA GERTRUDIS SAN VICENTE,Gobierno Central,Órgano Ejecutivo,Salud
14040016,HOSPITAL NACIONAL SANTA ROSA DE LIMA,Gobierno Central,Órgano Ejecutivo,Salud
805050048,HOSPITAL NACIONAL SANTA TERESA,Gobierno Central,Órgano Ejecutivo,Salud
204030008,HOSPITAL NACIONAL SANTIAGO DE MARIA,Gobierno Central,Órgano Ejecutivo,Salud
713060028,HOSPITAL NACIONAL SENSUNTEPEQUE,Gobierno Central,Órgano Ejecutivo,Salud
508030031,HOSPITAL NACIONAL SUCHITOTO,Gobierno Central,Órgano Ejecutivo,Salud
110140039,HOSPITAL NACIONAL FRANCISCO MENENDEZ,Gobierno Central,Órgano Ejecutivo,Salud
311140159,HOSPITAL NACIONAL DE CHALCHUAPA (ACTIVO A LA FECHA),Gobierno Central,Órgano Ejecutivo,Salud
11140166,HOSPITAL NACIONAL DE SANTA ANA (ACTIVO A LA FECHA),Gobierno Central,Órgano Ejecutivo,Salud
501020237,UNIDAD COORDINADORA DE PROGRAMA PROYECTO MODERNIZACION MINISTERIO SALUD,Gobierno Central,Órgano Ejecutivo,Salud
706970169,UNIDAD EJECUTORA DE PROYECTO DEL PROGRAMA SALUD BASICA RURAL SAN MIGUEL,Gobierno Central,Órgano Ejecutivo,Salud
4800003,MINISTERIO DE HACIENDA,Gobierno Central,Órgano Ejecutivo,Economía e inversión
11790001,MINISTERIO DE HACIENDA,Gobierno Central,Órgano Ejecutivo,Economía e inversión
103790006,MINISTERIO DE HACIENDA,Gobierno Central,Órgano Ejecutivo,Economía e inversión
305890010,MINISTERIO DE HACIENDA,Gobierno Central,Órgano Ejecutivo,Economía e inversión
314800003,MINISTERIO DE HACIENDA,Gobierno Central,Órgano Ejecutivo,Economía e inversión
401890165,MINISTERIO DE HACIENDA,Gobierno Central,Órgano Ejecutivo,Economía e inversión
406800003,MINISTERIO DE HACIENDA,Gobierno Central,Órgano Ejecutivo,Economía e inversión
408890009,MINISTERIO DE HACIENDA,Gobierno Central,Órgano Ejecutivo,Economía e inversión
512890009,MINISTERIO DE HACIENDA,Gobierno Central,Órgano Ejecutivo,Economía e inversión
607800003,MINISTERIO DE HACIENDA,Gobierno Central,Órgano Ejecutivo,Economía e inversión
702890032,MINISTERIO DE HACIENDA,Gobierno Central,Órgano Ejecutivo,Economía e inversión
709890013,MINISTERIO DE HACIENDA,Gobierno Central,Órgano Ejecutivo,Economía e inversión
713890009,MINISTERIO DE HACIENDA,Gobierno Central,Órgano Ejecutivo,Economía e inversión
810790006,MINISTERIO DE HACIENDA,Gobierno Central,Órgano Ejecutivo,Economía e inversión
106800010,MINISTERIO DE AGRICULTURA,Gobierno Central,Órgano Ejecutivo,Agricultura
112890002,MINISTERIO DE AGRICULTURA Y GANADERIA,Gobierno Central,Órgano Ejecutivo,Agricultura
311790011,MINISTERIO DE AGRICULTURA Y GANADERIA,Gobierno Central,Órgano Ejecutivo,Agricultura
402890022,MINISTERIO DE AGRICULTURA Y GANADERIA,Gobierno Central,Órgano Ejecutivo,Agricultura
407810004,MINISTERIO DE AGRICULTURA Y GANADERIA,Gobierno Central,Órgano Ejecutivo,Agricultura
408890004,MINISTERIO DE AGRICULTURA Y GANADERIA,Gobierno Central,Órgano Ejecutivo,Agricultura
409890003,MINISTERIO DE AGRICULTURA Y GANADERIA,Gobierno Central,Órgano Ejecutivo,Agricultura
410790009,MINISTERIO DE AGRICULTURA Y GANADERIA,Gobierno Central,Órgano Ejecutivo,Agricultura
501890130,MINISTERIO DE AGRICULTURA Y GANADERIA,Gobierno Central,Órgano Ejecutivo,Agricultura
513890003,MINISTERIO DE AGRICULTURA Y GANADERIA,Gobierno Central,Órgano Ejecutivo,Agricultura
514810001,MINISTERIO DE AGRICULTURA Y GANADERIA,Gobierno Central,Órgano Ejecutivo,Agricultura
605890003,MINISTERIO DE AGRICULTURA Y GANADERIA,Gobierno Central,Órgano Ejecutivo,Agricultura
703790009,MINISTERIO DE AGRICULTURA Y GANADERIA,Gobierno Central,Órgano Ejecutivo,Agricultura
704800010,MINISTERIO DE AGRICULTURA Y GANADERIA,Gobierno Central,Órgano Ejecutivo,Agricultura
2060103,CONVENIO DE COOPERACION TECNICO-AGRICOLA MISION TCNICA TAIWAN,Otros,Órgano Ejecutivo,Agricultura
903060039,CONVENIO DE COOPERACION TECNICO-AGRICOLA   (ENTRE EL SALVADOR Y REPUBLICA CHINA),Otros,Órgano Ejecutivo,Agricultura
602020228,OFICINA COORDINADORA DE PROYECTOS,Otros,Órgano Ejecutivo,Agricultura
501890233,PLANIFICACION Y EVALUACION DE LA REFORMA AGRARIA   (MAG)},Gobierno Central,Órgano Ejecutivo,Agricultura
901971193,MINISTERIO DE MEDIO AMBIENTE Y RECURSOS NATURALES,Gobierno Central,Órgano Ejecutivo,Medio Ambiente y Vulnerabilidad
601020224,SERVICIO NACIONAL DE ESTUDIOS TERRITORIALES,Gobierno Central,Órgano Ejecutivo,Medio Ambiente y Vulnerabilidad
301051606,FONDO DE ACTIVIDADES ESPECIALES DEL MARN  (MEDIOAMBIENTE Y RECURSOS NATURALES),Gobierno Central,Órgano Ejecutivo,Medio Ambiente y Vulnerabilidad
902040391,MINISTERIO DE TURISMO,Gobierno Central,Órgano Ejecutivo,"Cultura, turismo y deportes"
901890137,ASAMBLEA LEGISLATIVA,Gobierno Central,Órgano Legislativo ,Legislativo-normativo
501890113,PRESIDENCIA DE LA REPUBLICA,Gobierno Central,Órgano Ejecutivo,Otros
1051510,CONSEJO NACIONAL PARA LA CULTURA Y EL ARTE (CONCULTURA) PASà A SER SECRETARIA DE CULTURA),Gobierno Central,Órgano Ejecutivo,"Cultura, turismo y deportes"
801100057,SECRETARIA DE CULTURA DE LA PRESIDENCIA DE LA REPUBLICA,Gobierno Central,Órgano Ejecutivo,"Cultura, turismo y deportes"
301150600,SECRETARIA TCNICA Y DE PLANIFICACIàN DE LA PRESIDENCIA,Gobierno Central,Órgano Ejecutivo,Economía e inversión
503830099,MINISTERIO DE PLANIFICACIàN COORD DESARR ECON SOCIAL,Gobierno Central,Órgano Ejecutivo,Economía e inversión
813890013,MINISTERIO PLANIF COORD DESARR ECON Y SO,Gobierno Central,Órgano Ejecutivo,Economía e inversión
201890147,MINISTERIO PLANIF COORD DESARR ECONOM SO,Gobierno Central,Órgano Ejecutivo,Economía e inversión
711890028,MINISTERIO PLANIF COORD DESARR ECONOM SO,Gobierno Central,Órgano Ejecutivo,Economía e inversión
404860046,MINISTERIO PLANIF COORD DESARROLLO ECON,Gobierno Central,Órgano Ejecutivo,Economía e inversión
814800019,MINISTERIO PLANIFIC COORD DESAR ECON Y S,Gobierno Central,Órgano Ejecutivo,Economía e inversión
412890017,MINISTERIO PLANIFIC COORD DESAR ECONOM S,Gobierno Central,Órgano Ejecutivo,Economía e inversión
10890012,MINISTERIO PLANIFIC COORD DESARR ECONO S,Gobierno Central,Órgano Ejecutivo,Economía e inversión
708890014,MINISTERIO PLANIFIC COORDIN DESAR ECON S,Gobierno Central,Órgano Ejecutivo,Economía e inversión
402890049,MINISTERIO PLANIFICACION COORD DESARROLLO ECONOMICO,Gobierno Central,Órgano Ejecutivo,Economía e inversión
905890018,MINISTERIO PLANIFICACION COORD DESARROLLO ECONOMICO,Gobierno Central,Órgano Ejecutivo,Economía e inversión
806860068,MINISTERIO PLANIFICACION COORD DESARROLLO ECONOMICO,Gobierno Central,Órgano Ejecutivo,Economía e inversión
207860003,MINISTERIO PLANIFICACION COORD DESARROLLO ECONOMICO,Gobierno Central,Órgano Ejecutivo,Economía e inversión
609890021,MINISTERIO PLANIFICACION COORD DESARROLLO ECONOMICO,Gobierno Central,Órgano Ejecutivo,Economía e inversión
701970228,SECRETARIA EJECUTIVA DEL MEDIO AMBIENTE,Gobierno Central,Órgano Ejecutivo,Medio Ambiente y Vulnerabilidad
501921370,COMITE ORGANIZADOR DE LOS V JUEGOS DEPORTIVOS,Gobierno Central,Órgano Ejecutivo,"Cultura, turismo y deportes"
4870002,MINISTERIO DE CULTURA Y COMUNICACIONES  (PASO A SER SECRETARIA DE COMUNICACIONES; PERO NO ESTµ INSCRITA AL ISS,Gobierno Central,Órgano Ejecutivo,"Cultura, turismo y deportes"
6870005,MINISTERIO DE CULTURA Y COMUNICACIONES  (PASO A SER SECRETARIA DE COMUNICACIONES; PERO NO ESTµ INSCRITA AL ISS,Gobierno Central,Órgano Ejecutivo,"Cultura, turismo y deportes"
111870004,MINISTERIO DE CULTURA Y COMUNICACIONES  (PASO A SER SECRETARIA DE COMUNICACIONES; PERO NO ESTµ INSCRITA AL ISS,Gobierno Central,Órgano Ejecutivo,"Cultura, turismo y deportes"
114870001,MINISTERIO DE CULTURA Y COMUNICACIONES  (PASO A SER SECRETARIA DE COMUNICACIONES; PERO NO ESTµ INSCRITA AL ISS,Gobierno Central,Órgano Ejecutivo,"Cultura, turismo y deportes"
203870009,MINISTERIO DE CULTURA Y COMUNICACIONES  (PASO A SER SECRETARIA DE COMUNICACIONES; PERO NO ESTµ INSCRITA AL ISS,Gobierno Central,Órgano Ejecutivo,"Cultura, turismo y deportes"
208890008,MINISTERIO DE CULTURA Y COMUNICACIONES  (PASO A SER SECRETARIA DE COMUNICACIONES; PERO NO ESTµ INSCRITA AL ISS,Gobierno Central,Órgano Ejecutivo,"Cultura, turismo y deportes"
302890030,MINISTERIO DE CULTURA Y COMUNICACIONES  (PASO A SER SECRETARIA DE COMUNICACIONES; PERO NO ESTµ INSCRITA AL ISS,Gobierno Central,Órgano Ejecutivo,"Cultura, turismo y deportes"
312890008,MINISTERIO DE CULTURA Y COMUNICACIONES  (PASO A SER SECRETARIA DE COMUNICACIONES; PERO NO ESTµ INSCRITA AL ISS,Gobierno Central,Órgano Ejecutivo,"Cultura, turismo y deportes"
409890008,MINISTERIO DE CULTURA Y COMUNICACIONES  (PASO A SER SECRETARIA DE COMUNICACIONES; PERO NO ESTµ INSCRITA AL ISS,Gobierno Central,Órgano Ejecutivo,"Cultura, turismo y deportes"
510870002,MINISTERIO DE CULTURA Y COMUNICACIONES  (PASO A SER SECRETARIA DE COMUNICACIONES; PERO NO ESTµ INSCRITA AL ISS,Gobierno Central,Órgano Ejecutivo,"Cultura, turismo y deportes"
513890008,MINISTERIO DE CULTURA Y COMUNICACIONES  (PASO A SER SECRETARIA DE COMUNICACIONES; PERO NO ESTµ INSCRITA AL ISS,Gobierno Central,Órgano Ejecutivo,"Cultura, turismo y deportes"
801890162,MINISTERIO DE CULTURA Y COMUNICACIONES  (PASO A SER SECRETARIA DE COMUNICACIONES; PERO NO ESTµ INSCRITA AL ISS,Gobierno Central,Órgano Ejecutivo,"Cultura, turismo y deportes"
805890009,MINISTERIO DE CULTURA Y COMUNICACIONES  (PASO A SER SECRETARIA DE COMUNICACIONES; PERO NO ESTµ INSCRITA AL ISS,Gobierno Central,Órgano Ejecutivo,"Cultura, turismo y deportes"
2890020,ORGANO JUDICIAL,Gobierno Central,Órgano Judicial ,Administración de Justicia
3790014,ORGANO JUDICIAL,Gobierno Central,Órgano Judicial ,Administración de Justicia
114800007,ORGANO JUDICIAL,Gobierno Central,Órgano Judicial ,Administración de Justicia
206800007,ORGANO JUDICIAL,Gobierno Central,Órgano Judicial ,Administración de Justicia
208890003,ORGANO JUDICIAL,Gobierno Central,Órgano Judicial ,Administración de Justicia
209890002,ORGANO JUDICIAL,Gobierno Central,Órgano Judicial ,Administración de Justicia
313890002,ORGANO JUDICIAL,Gobierno Central,Órgano Judicial ,Administración de Justicia
401890121,ORGANO JUDICIAL,Gobierno Central,Órgano Judicial ,Administración de Justicia
405890002,ORGANO JUDICIAL,Gobierno Central,Órgano Judicial ,Administración de Justicia
407800007,ORGANO JUDICIAL,Gobierno Central,Órgano Judicial ,Administración de Justicia
411790020,ORGANO JUDICIAL,Gobierno Central,Órgano Judicial ,Administración de Justicia
510790013,ORGANO JUDICIAL,Gobierno Central,Órgano Judicial ,Administración de Justicia
804800007,ORGANO JUDICIAL,Gobierno Central,Órgano Judicial ,Administración de Justicia
912890001,ORGANO JUDICIAL,Gobierno Central,Órgano Judicial ,Administración de Justicia
102890034,CORTE DE CUENTAS DE LA REPUBLICA,Gobierno Central,Segundo grado,Órganos de control y supervisión
109890010,CORTE DE CUENTAS DE LA REPUBLICA,Gobierno Central,Segundo grado,Órganos de control y supervisión
503790020,CORTE DE CUENTAS DE LA REPUBLICA,Gobierno Central,Segundo grado,Órganos de control y supervisión
506800012,CORTE DE CUENTAS DE LA REPUBLICA,Gobierno Central,Segundo grado,Órganos de control y supervisión
510790018,CORTE DE CUENTAS DE LA REPUBLICA,Gobierno Central,Segundo grado,Órganos de control y supervisión
901890171,CORTE DE CUENTAS DE LA REPUBLICA,Gobierno Central,Segundo grado,Órganos de control y supervisión
106890018,CONSEJO CENTRAL DE ELECCIONES,Gobierno Central,Segundo grado,Órganos de control y supervisión
204890007,CONSEJO CENTRAL DE ELECCIONES,Gobierno Central,Segundo grado,Órganos de control y supervisión
501991254,CONSEJO NACIONAL DE LA JUDICATURA,Gobierno Central,Segundo grado,Administración de Justicia
201890142,FISCALIA GENERAL DE LA REPUBLICA,Gobierno Central,Ministerio Público,Persecución del delito
11960003,FISCALIA REGIONAL DE OCCIDENTE,Gobierno Central,Ministerio Público,Persecución del delito
307800010,MINISTERIO PUBLICO (FISCALIA GRAL REPUBLICA),Gobierno Central,Ministerio Público,Persecución del delito
903790005,MINISTERIO PUBLICO FISCALIA GRAL,Gobierno Central,Ministerio Público,Persecución del delito
610790005,MINISTERIO PUBLICO FISCALIA GRAL,Gobierno Central,Ministerio Público,Persecución del delito
704800015,MINISTERIO PUBLICO FISCALIA GRAL DE LA REPUBLICA,Gobierno Central,Ministerio Público,Persecución del delito
706800018,MINISTERIO PUBLICO FISCALIA GRAL DE LA REPUBLICA,Gobierno Central,Ministerio Público,Persecución del delito
406800008,MINISTERIO PUBLICO PROCURADURIA GENERAL,Gobierno Central,Ministerio Público,Defensa de Derechos Ciudadanos
5890005,MINISTERIO PUBLICO PROCURADURIA GENERAL DE LA REPUBLICA,Gobierno Central,Ministerio Público,Defensa de Derechos Ciudadanos
608890005,MINISTERIO PUBLICO PROCURADURIA GENERAL DE LA REPUBLICA,Gobierno Central,Ministerio Público,Defensa de Derechos Ciudadanos
809890005,MINISTERIO PUBLICO PROCURADURIA GRAL DE,Gobierno Central,Ministerio Público,Defensa de Derechos Ciudadanos
111790010,MINISTERIO PUBLICO RPCURADURIA GENERAL DE LA REPUBLICA,Gobierno Central,Ministerio Público,Defensa de Derechos Ciudadanos
210790008,MINISTERIO PUBLICO RPCURADURIA GENERAL DE LA REPUBLICA,Gobierno Central,Ministerio Público,Defensa de Derechos Ciudadanos
303790007,MINISTERIO PUBLICO RPCURADURIA GENERAL DE LA REPUBLICA,Gobierno Central,Ministerio Público,Defensa de Derechos Ciudadanos
314800008,MINISTERIO PUBLICO RPCURADURIA GENERAL DE LA REPUBLICA,Gobierno Central,Ministerio Público,Defensa de Derechos Ciudadanos
401890143,MINISTERIO PUBLICO RPCURADURIA GENERAL DE LA REPUBLICA,Gobierno Central,Ministerio Público,Defensa de Derechos Ciudadanos
602950395,MINISTERIO PUBLICO RPCURADURIA GENERAL DE LA REPUBLICA,Gobierno Central,Ministerio Público,Defensa de Derechos Ciudadanos
607800008,MINISTERIO PUBLICO RPCURADURIA GENERAL DE LA REPUBLICA,Gobierno Central,Ministerio Público,Defensa de Derechos Ciudadanos
712890005,MINISTERIO PUBLICO RPCURADURIA GENERAL DE LA REPUBLICA,Gobierno Central,Ministerio Público,Defensa de Derechos Ciudadanos
913890005,MINISTERIO PUBLICO RPCURADURIA GENERAL DE LA REPUBLICA,Gobierno Central,Ministerio Público,Defensa de Derechos Ciudadanos
4800008,PROCURADURIA AUXILIAR DE USULUTAN,Gobierno Central,Ministerio Público,Defensa de Derechos Ciudadanos
814940103,PROCURADURIA DEFENSA DERECHOS HUMANOS,Gobierno Central,Ministerio Público,Defensa de Derechos Ciudadanos
401921121,PROCURADURIA PARA DEFENSA DERECHOS HUMANOS,Gobierno Central,Ministerio Público,Defensa de Derechos Ciudadanos
305940064,PROCURADURIA PARA LA DEFENSA DE LOS DERECHOS HUMANOS,Gobierno Central,Ministerio Público,Defensa de Derechos Ciudadanos
406930318,PROCURADURIA PARA LA DEFENSA DE LOS DERECHOS HUMANOS,Gobierno Central,Ministerio Público,Defensa de Derechos Ciudadanos
413950006,PROCURADURIA PARA LA DEFENSA DE LOS DERECHOS HUMANOS,Gobierno Central,Ministerio Público,Defensa de Derechos Ciudadanos
507940024,PROCURADURIA PARA LA DEFENSA DE LOS DERECHOS HUMANOS,Gobierno Central,Ministerio Público,Defensa de Derechos Ciudadanos
508950020,PROCURADURIA PARA LA DEFENSA DE LOS DERECHOS HUMANOS,Gobierno Central,Ministerio Público,Defensa de Derechos Ciudadanos
510950018,PROCURADURIA PARA LA DEFENSA DE LOS DERECHOS HUMANOS,Gobierno Central,Ministerio Público,Defensa de Derechos Ciudadanos
604950011,PROCURADURIA PARA LA DEFENSA DE LOS DERECHOS HUMANOS,Gobierno Central,Ministerio Público,Defensa de Derechos Ciudadanos
709930021,PROCURADURIA PARA LA DEFENSA DE LOS DERECHOS HUMANOS,Gobierno Central,Ministerio Público,Defensa de Derechos Ciudadanos
711930151,PROCURADURIA PARA LA DEFENSA DE LOS DERECHOS HUMANOS,Gobierno Central,Ministerio Público,Defensa de Derechos Ciudadanos
903950088,PROCURADURIA PARA LA DEFENSA DE LOS DERECHOS HUMANOS,Gobierno Central,Ministerio Público,Defensa de Derechos Ciudadanos
801061712,TRIBUNAL DE ETICA GUBERNAMENTAL,Gobierno Central,Segundo grado,Órganos de control y supervisión
801890145,TRIBUNAL DE SERVICIO CIVIL,Gobierno Central,Segundo grado,Órganos de control y supervisión
101981076,TRIBUNAL SUPREMO ELECTORAL,Gobierno Central,Segundo grado,Órganos de control y supervisión
108890011,TRIBUNAL SUPREMO ELECTORAL,Gobierno Central,Segundo grado,Órganos de control y supervisión
110890009,TRIBUNAL SUPREMO ELECTORAL,Gobierno Central,Segundo grado,Órganos de control y supervisión
401890187,TRIBUNAL SUPREMO ELECTORAL,Gobierno Central,Segundo grado,Órganos de control y supervisión
413890011,TRIBUNAL SUPREMO ELECTORAL,Gobierno Central,Segundo grado,Órganos de control y supervisión
502890036,TRIBUNAL SUPREMO ELECTORAL,Gobierno Central,Segundo grado,Órganos de control y supervisión
509890012,TRIBUNAL SUPREMO ELECTORAL,Gobierno Central,Segundo grado,Órganos de control y supervisión
607890001,TRIBUNAL SUPREMO ELECTORAL,Gobierno Central,Segundo grado,Órganos de control y supervisión
612890013,TRIBUNAL SUPREMO ELECTORAL,Gobierno Central,Segundo grado,Órganos de control y supervisión
703890019,TRIBUNAL SUPREMO ELECTORAL,Gobierno Central,Segundo grado,Órganos de control y supervisión
811890015,TRIBUNAL SUPREMO ELECTORAL,Gobierno Central,Segundo grado,Órganos de control y supervisión
905890013,TRIBUNAL SUPREMO ELECTORAL,Gobierno Central,Segundo grado,Órganos de control y supervisión
914890009,TRIBUNAL SUPREMO ELECTORAL,Gobierno Central,Segundo grado,Órganos de control y supervisión
201890206,COMISION REVISADORA DE LA LEGISLACION SALVADORENA (CORELESAL),Gobierno Central,Órgano Legislativo ,Legislativo-normativo
504930106,PROGRAMA CEE-GOES ALA 92/18,Otros,Otros,Otros
601910614,PROYECTO APOYO TECNICO PARA REFORMA JUDICIAL,Otros,Otros,Administración de Justicia
101960005,GTZ PROGRAMA DE INTEGRACION Y FOMENTO DE EMPLEO,Otros,Otros,Otros
1080963,FONDO DE ACTIVIDADES ESPECIALES DE INDUSTRIAS MILITARES DE LA FUERZA ARMADA,Gobierno Central,Órgano Ejecutivo,Seguridad pública
1890205,COMISION DE DERECHOS HUMANOS DE EL SALVADOR,Otros,Otros,Defensa de Derechos Ciudadanos
106850010,COMISION DE DERECHOS HUMANOS DE EL SALVADOR,Otros,Otros,Defensa de Derechos Ciudadanos
509890017,COMISION DE DERECHOS HUMANOS DE EL SALVADOR,Otros,Otros,Defensa de Derechos Ciudadanos
607860005,COMISION DE DERECHOS HUMANOS DE EL SALVADOR,Otros,Otros,Defensa de Derechos Ciudadanos
804860060,COMISION DE DERECHOS HUMANOS DE EL SALVADOR,Otros,Otros,Defensa de Derechos Ciudadanos
811850017,COMISION DE DERECHOS HUMANOS DE EL SALVADOR,Otros,Otros,Defensa de Derechos Ciudadanos
901930704,COMISION DE DERECHOS HUMANOS DE EL SALVADOR,Otros,Otros,Defensa de Derechos Ciudadanos
901940728,SECRETARIA DE RECONSTRUCCION NACIONAL,Gobierno Central,Órgano Ejecutivo,Protección y Seguridad Social
702920303,ACADEMIA NACIONAL DE SEGURIDAD PUBLICA,Gobierno Central,Órgano Ejecutivo,Seguridad pública
5010068,ACADEMIA NACIONAL DE SEGURIDAD PUBLICA,Gobierno Central,Órgano Ejecutivo,Seguridad pública
401020304,AUTORIDAD DE AVIACION CIVIL,Gobierno Central,Órgano Ejecutivo,Órganos de control y supervisión
701041324,AUTORIDAD MARITIMA PORTUARIA,Gobierno Central,Órgano Ejecutivo,Órganos de control y supervisión
1910650,BANCO DE TIERRAS,Gobierno Central,Órgano Ejecutivo,Agricultura
701901012,CAJA MUTUAL DE LOS EMPLEADO DEL MINIST EDUCACION,Gobierno Central,Órgano Ejecutivo,Protección y Seguridad Social
306920209,CAJA MUTUAL DE LOS EMPLEADO DEL MINIST EDUCACION,Gobierno Central,Órgano Ejecutivo,Protección y Seguridad Social
409000020,CELULA DE SEGUIMIENTO Y CIERRE DEL PROGRAMA DE APOYO AL PROCE,Otros,Otros,Otros
901000291,CENTRO DE FORMACION LABORAL,Otros,Otros,Otros
301070574,CENTRO INTERNACIONAL DE FERIAS Y CONVENCIONES,Gobierno Central,Órgano Ejecutivo,"Cultura, turismo y deportes"
101951651,CENTRO NACIONAL DE REGISTROS,Gobierno Central,Órgano Ejecutivo,Órganos de control y supervisión
802990090,CENTRO NACIONAL DE TECNOLOGIA AGROPECUARIA (CENTA),Gobierno Central,Órgano Ejecutivo,Agricultura
301000737,COMISION DEL NUEVO MILENIO,Otros,Otros,Otros
801970335,COMISION NACIONAL DE LA MICRO Y PEQUE¾A EMPRESA (CONAMYPE),Gobierno Central,Órgano Ejecutivo,Economía e inversión
401000969,COMISION NACIONAL DE PROMOCION DE INVERSIONES,Gobierno Central,Órgano Ejecutivo,Economía e inversión
1890244,COMITE EJECUTIVO FERIA INTERNACIONAL DE EL SALVADOR,Gobierno Central,Órgano Ejecutivo,"Cultura, turismo y deportes"
301000271,CONSEJO DE VIGILANCIA CONTADURIA PUBLICA Y AUDITORIA,Otros,Otros,Órganos de control y supervisión
101141490,CONSEJO NACIONAL DE ADMINISTRACION DE BIENES,Gobierno Central,Órgano Ejecutivo,Órganos de control y supervisión
101960382,CONSEJO NACIONAL DE ATENCION INTEGRAL A LA PERSONA CON DISCAP,Gobierno Central,Órgano Ejecutivo,Protección y Seguridad Social
102990223,CONSEJO NACIONAL DE ATENCION INTEGRAL A LA PERSONA CON DISCAP,Gobierno Central,Órgano Ejecutivo,Protección y Seguridad Social
701121737,CONSEJO NACIONAL DE CALIDAD  (CNC),Gobierno Central,Órgano Ejecutivo,Economía e inversión
101130806,CONSEJO NACIONAL DE CIENCIA Y TECNOLOGIA (CONACYT),Gobierno Central,Órgano Ejecutivo,"Educación, ciencia y tecnología"
601020229,CONSEJO NACIONAL DE CIENCIA Y TECNOLOGIA (CONACYT),Gobierno Central,Órgano Ejecutivo,"Educación, ciencia y tecnología"
601090963,CONSEJO NACIONAL DE ENERGIA  (CNE),Gobierno Central,Órgano Ejecutivo,Economía e inversión
501111790,CONSEJO NACIONAL DE LA NINEZ Y DE LA ADOLESCENCIA (CONNA),Gobierno Central,Órgano Ejecutivo,Protección y Seguridad Social
401030563,CONSEJO SALVADORENO DE LA AGROINDUSTRIA AZUCARERA (CONSA),Gobierno Central,Órgano Ejecutivo,Economía e inversión
106800015,CONSEJO SALVADORENO DE MENORES,Gobierno Central,Órgano Ejecutivo,Protección y Seguridad Social
403790016,CONSEJO SALVADORENO DE MENORES,Gobierno Central,Órgano Ejecutivo,Protección y Seguridad Social
404890008,CONSEJO SALVADORENO DE MENORES,Gobierno Central,Órgano Ejecutivo,Protección y Seguridad Social
501890135,CONSEJO SALVADORENO DE MENORES,Gobierno Central,Órgano Ejecutivo,Protección y Seguridad Social
710790014,CONSEJO SALVADORENO DE MENORES,Gobierno Central,Órgano Ejecutivo,Protección y Seguridad Social
802890024,CONSEJO SALVADORENO DE MENORES,Gobierno Central,Órgano Ejecutivo,Protección y Seguridad Social
805890004,CONSEJO SALVADORENO DE MENORES,Gobierno Central,Órgano Ejecutivo,Protección y Seguridad Social
811790022,CONSEJO SALVADORENO DE MENORES,Gobierno Central,Órgano Ejecutivo,Protección y Seguridad Social
1900114,CONSEJO SALVADORENO DEL CAFE,Gobierno Central,Órgano Ejecutivo,Agricultura
401890229,CONSEJO SUPERIOR DE SALUD PUBLICA,Gobierno Central,Órgano Ejecutivo,Órganos de control y supervisión
614870012,CORPORACION SALVADORENA DE INVERSIONES  (CORSAIN),Gobierno Central,Órgano Ejecutivo,Economía e inversión
401820286,CORPORACION SALVADORENA DE INVERSIONES  (CORSAIN),Gobierno Central,Órgano Ejecutivo,Economía e inversión
601860768,CORPORACION SALVADORENA DE INVERSIONES  (CORSAIN),Gobierno Central,Órgano Ejecutivo,Economía e inversión
603040020,CORPORACION SALVADORENA DE INVERSIONES  (CORSAIN),Gobierno Central,Órgano Ejecutivo,Economía e inversión
609830002,CORPORACION SALVADORENA DE INVERSIONES  (CORSAIN),Gobierno Central,Órgano Ejecutivo,Economía e inversión
801970195,CORPORACION SALVADORENA DE TURISMO,Gobierno Central,Órgano Ejecutivo,"Cultura, turismo y deportes"
801860085,CRUZ ROJA SALVADORENA,Otros,Otros,Salud
502860013,CRUZ ROJA SALVADORENA,Otros,Otros,Salud
3790019,CRUZ ROJA SALVADORENA,Otros,Otros,Salud
906800014,CRUZ ROJA SALVADORENA,Otros,Otros,Salud
310790017,CRUZ ROJA SALVADORENA,Otros,Otros,Salud
11790028,CRUZ ROJA SALVADORENA,Otros,Otros,Salud
801060049,DEFENSORIA DEL CONSUMIDOR,Gobierno Central,Órgano Ejecutivo,Órganos de control y supervisión
701080894,DIRECCION MUNICIPAL PARA LA GESTION SUSTENTABLE,Gobiernos Locales,Alcaldías,Gobiernos Municipales
702120323,DIRECCION NACIONAL DE MEDICAMENTOS,Gobierno Central,Órgano Ejecutivo,Órganos de control y supervisión
2090089,ESCUELA NACIONAL DE AGRICULTURA ROBERTO QUINONEZ,Gobierno Central,Órgano Ejecutivo,Agricultura
306810035,FINANCIERA NACIONAL DE TIERRAS AGRICOLAS,Gobierno Central,Órgano Ejecutivo,Agricultura
311810042,FINANCIERA NACIONAL DE TIERRAS AGRICOLAS,Gobierno Central,Órgano Ejecutivo,Agricultura
703810035,FINANCIERA NACIONAL DE TIERRAS AGRICOLAS,Gobierno Central,Órgano Ejecutivo,Agricultura
901891344,FINANCIERA NACIONAL DE TIERRAS AGRICOLAS,Gobierno Central,Órgano Ejecutivo,Agricultura
910810007,FINANCIERA NACIONAL DE TIERRAS AGRICOLAS,Gobierno Central,Órgano Ejecutivo,Agricultura
401941821,FONDO AMBIENTAL DE EL SALVADOR  (FONAES),Gobierno Central,Órgano Ejecutivo,Medio Ambiente y Vulnerabilidad
202020380,FONDO DE CONSERVACION VIAL (FOVIAL),Gobierno Central,Órgano Ejecutivo,"Obras Públicas, Transporte, Vivienda y Desarrollo Territorial"
801020568,FONDO DE CONSERVACION VIAL (FOVIAL),Gobierno Central,Órgano Ejecutivo,"Obras Públicas, Transporte, Vivienda y Desarrollo Territorial"
101890138,FONDO DE GARANTIA PARA CREDITO EDUCATIVO,Gobierno Central,Órgano Ejecutivo,Empresas públicas no financieras
301080157,FONDO DE INVERSION NACIONAL EN ELECTRICIDAD Y TELEFONIA (FINE,Gobierno Central,Órgano Ejecutivo,"Obras Públicas, Transporte, Vivienda y Desarrollo Territorial"
301910344,FONDO DE INVERSION SOCIAL PARA EL DESARROLLO LOCAL (FISDL),Gobierno Central,Órgano Ejecutivo,"Obras Públicas, Transporte, Vivienda y Desarrollo Territorial"
201951006,FONDO DE PROTECCION DE LISIADOS Y DISCAPACITADOS A CONSECUENC,Gobierno Central,Órgano Ejecutivo,Protección y Seguridad Social
101070850,FONDO DEL MILENIO,Gobierno Central,Órgano Ejecutivo,Economía e inversión
401150310,FONDO DEL MILENIO II,Gobierno Central,Órgano Ejecutivo,Economía e inversión
101130781,FONDO PARA LA ATENCION A LAS VICTIMAS DE ACCIDENTES DE TRANSI,Gobierno Central,Órgano Ejecutivo,Protección y Seguridad Social
801980511,FONDO SALVADORENO PARA ESTUDIOS DE PREINVERSION  (FOSEP),Gobierno Central,Órgano Ejecutivo,Economía e inversión
201051315,FONDO SOLIDARIO PARA LA SALUD (FOSALUD),Gobierno Central,Órgano Ejecutivo,Salud
801131422,INSTITUTO DE ACCESO A LA INFORMACION PUBLICA,Gobierno Central,Otros,Órganos de control y supervisión
501920227,INSTITUTO DE LEGALIZACION DE LA PROPIEDAD,Gobierno Central,Órgano Ejecutivo,Protección y Seguridad Social
101970063,FONDO DE ACTIVIDADES ESPECIALES  DE MEDIOS DE COMUNICACION Y,Gobierno Central,Órgano Ejecutivo,"Cultura, turismo y deportes"
201890164,INSTITUTO NACIONAL DE LOS DEPORTES DE ES (PROVISION DE SERVIC,Gobierno Central,Órgano Ejecutivo,"Cultura, turismo y deportes"
101080416,INSTITUTO NACIONAL DE LOS DEPORTES DE ES (PROVISION DE SERVIC,Gobierno Central,Órgano Ejecutivo,"Cultura, turismo y deportes"
409830001,INSTITUTO NACIONAL DEL AZUCAR,Otros,Otros,Agricultura
801800642,INSTITUTO NACIONAL DEL AZUCAR,Otros,Otros,Agricultura
606820025,INSTITUTO NACIONAL DEL AZUCAR  (Ingenio Chaparrastique),Otros,Otros,Agricultura
403810081,INSTITUTO NACIONAL DEL AZUCAR  (Ingenio El Carmen),Otros,Otros,Agricultura
811810014,INSTITUTO NACIONAL DEL AZUCAR  (Ingenio Magdalena),Otros,Otros,Agricultura
208830001,INSTITUTO NACIONAL DEL AZUCAR  (Ingenio San Francisco),Otros,Otros,Agricultura
602860066,INSTITUTO NACIONAL DEL AZUCAR  (Planta Productora  de Alcohol,Otros,Otros,Agricultura
708750006,INSTITUTO REGULADOR DE ABASTECIMIENTOS,Gobierno Central,Órgano Ejecutivo,Agricultura
905750005,INSTITUTO REGULADOR DE ABASTECIMIENTOS,Gobierno Central,Órgano Ejecutivo,Agricultura
909750006,INSTITUTO REGULADOR DE ABASTECIMIENTOS,Gobierno Central,Órgano Ejecutivo,Agricultura
612750005,INSTITUTO REGULADOR DE ABASTECIMIENTOS,Gobierno Central,Órgano Ejecutivo,Agricultura
1940318,INSTITUTO SALVADORENO DE FORMAC PROFESIONAL (INSAFORP),Gobierno Central,Órgano Ejecutivo,"Educación, ciencia y tecnología"
706940004,INSTITUTO SALVADORENO DE FORMACION PROFESIONAL  (INSAFORP),Gobierno Central,Órgano Ejecutivo,"Educación, ciencia y tecnología"
901890198,INSTITUTO SALVADORENO DE REHABILITACION INTEGRAL,Gobierno Central,Órgano Ejecutivo,Protección y Seguridad Social
311880041,INSTITUTO SALVADORENO DE REHABILITACION INTEGRAL,Gobierno Central,Órgano Ejecutivo,Protección y Seguridad Social
401890241,INSTITUTO SALVADORENO DE DESARROLLO MUNICIPAL  (ISDEM),Gobierno Central,Órgano Ejecutivo,Gobernación y Desarrollo Territorial
1890163,INSTITUTO SALVADORENO DE FOMENTO COOPERATIVO  (INSAFOCOOP),Gobierno Central,Órgano Ejecutivo,Economía e inversión
406800020,INSTITUTO SALVADORENO DE FOMENTO COOPERATIVO  (INSAFOCOOP),Gobierno Central,Órgano Ejecutivo,Economía e inversión
609890009,INSTITUTO SALVADORENO DE FOMENTO COOPERATIVO  (INSAFOCOOP),Gobierno Central,Órgano Ejecutivo,Economía e inversión
611790009,INSTITUTO SALVADORENO DE FOMENTO COOPERATIVO  (INSAFOCOOP),Gobierno Central,Órgano Ejecutivo,Economía e inversión
111700076,INSTITUTO SALVADORENO DE FOMENTO INDUSTRIAL,Otros,Otros,Economía e inversión
309740006,INSTITUTO SALVADORENO DE FOMENTO INDUSTRIAL  (INSAFI),Otros,Otros,Economía e inversión
101700378,INSTITUTO SALVADORENO DE FOMENTO INDUSTRIAL  (INSAFI),Otros,Otros,Economía e inversión
301770186,INSTITUTO SALVADORENO DE FOMENTO INDUSTRIAL (Fabrica camisas,Otros,Otros,Economía e inversión
501770187,INSTITUTO SALVADORENO DE FOMENTO INDUSTRIAL (Molinos de Arroz,Otros,Otros,Economía e inversión
1760755,INSTITUTO SALVADORENO DE FOMENTO INDUSTRIAL (Textilera Izalco,Otros,Otros,Economía e inversión
413790001,INSAFI CENTRO DE ADIEST CERAMICA ILOBASC,Otros,Otros,Economía e inversión
11790023,INSTITUTO SALVADORENO DE INVESTIGACION  DEL CAFE,Gobierno Central,Órgano Ejecutivo,"Educación, ciencia y tecnología"
910790015,INSTITUTO SALVADORENO DE INVESTIGACION  DEL CAFE,Gobierno Central,Órgano Ejecutivo,"Educación, ciencia y tecnología"
306800011,INSTITUTO SALVADORENO DE INVESTIGACIONES DEL CAFE,Gobierno Central,Órgano Ejecutivo,"Educación, ciencia y tecnología"
707800012,INSTITUTO SALVADORENO DE INVESTIGACIONES DEL CAFE,Gobierno Central,Órgano Ejecutivo,"Educación, ciencia y tecnología"
3940176,INSTITUTO SALVADORENO DE PROTECCION MENOR,Gobierno Central,Órgano Ejecutivo,Protección y Seguridad Social
110790016,INSTITUTO SALVADORENO DE TRANSFORMACION AGRARIA (ISTA),Gobierno Central,Órgano Ejecutivo,Agricultura
212890016,INSTITUTO SALVADORENO DE TRANSFORMACION AGRARIA (ISTA),Gobierno Central,Órgano Ejecutivo,Agricultura
506840071,INSTITUTO SALVADORENO DE TRANSFORMACION AGRARIA (ISTA),Gobierno Central,Órgano Ejecutivo,Agricultura
508890013,INSTITUTO SALVADORENO DE TRANSFORMACION AGRARIA (ISTA),Gobierno Central,Órgano Ejecutivo,Agricultura
604890009,INSTITUTO SALVADORENO DE TRANSFORMACION AGRARIA (ISTA),Gobierno Central,Órgano Ejecutivo,Agricultura
611790026,INSTITUTO SALVADORENO DE TRANSFORMACION AGRARIA (ISTA),Gobierno Central,Órgano Ejecutivo,Agricultura
701890251,INSTITUTO SALVADORENO DE TRANSFORMACION AGRARIA (ISTA),Gobierno Central,Órgano Ejecutivo,Agricultura
705890017,INSTITUTO SALVADORENO DE TRANSFORMACION AGRARIA (ISTA),Gobierno Central,Órgano Ejecutivo,Agricultura
709890018,INSTITUTO SALVADORENO DE TRANSFORMACION AGRARIA (ISTA),Gobierno Central,Órgano Ejecutivo,Agricultura
802890046,INSTITUTO SALVADORENO DE TRANSFORMACION AGRARIA (ISTA),Gobierno Central,Órgano Ejecutivo,Agricultura
803790018,INST SALV DE TRANSFORMACION AGRARIA,Gobierno Central,Órgano Ejecutivo,Agricultura
12890015,INSTITUTO SALVADORENO DE TURISMO,Gobierno Central,Órgano Ejecutivo,"Cultura, turismo y deportes"
101890194,INSTITUTO SALVADORENO DE TURISMO,Gobierno Central,Órgano Ejecutivo,"Cultura, turismo y deportes"
102890039,INSTITUTO SALVADORENO DE TURISMO,Gobierno Central,Órgano Ejecutivo,"Cultura, turismo y deportes"
109890015,INSTITUTO SALVADORENO DE TURISMO,Gobierno Central,Órgano Ejecutivo,"Cultura, turismo y deportes"
111790015,INSTITUTO SALVADORENO DE TURISMO,Gobierno Central,Órgano Ejecutivo,"Cultura, turismo y deportes"
305890015,INSTITUTO SALVADORENO DE TURISMO,Gobierno Central,Órgano Ejecutivo,"Cultura, turismo y deportes"
414800012,INSTITUTO SALVADORENO DE TURISMO,Gobierno Central,Órgano Ejecutivo,"Cultura, turismo y deportes"
506800017,INSTITUTO SALVADORENO DE TURISMO,Gobierno Central,Órgano Ejecutivo,"Cultura, turismo y deportes"
803790013,INSTITUTO SALVADORENO DE TURISMO,Gobierno Central,Órgano Ejecutivo,"Cultura, turismo y deportes"
201970217,INSTITUTO SALVADORENO PARA EL DESARROLLO DE LA MUJER  (ISDEMU,Gobierno Central,Órgano Ejecutivo,Protección y Seguridad Social
901931335,INSTITUTO SALVADORENO PARA EL DESARROLLO INTEGRAL DE LA NINEZ,Gobierno Central,Órgano Ejecutivo,Protección y Seguridad Social
1950239,OFICINA DE PLANIFICACION DEL AREA METROPOLITANA  (OPAMS),Otros,Otros,Órganos de control y supervisión
301050977,ORGANISMO PROMOTOR DE EXPORTACIONES E INVERSIONES (PROESA),Gobierno Central,Órgano Ejecutivo,Economía e inversión
801041311,PARLAMENTO CENTROAMERICANO SUBSEDE DE EL SALVADOR,Gobierno Central,Órgano Legislativo ,Legislativo-normativo
101971518,REGISTRO NACIONAL DE LAS PERSONAS NATURALES  (RNPN),Gobierno Central,Órgano Ejecutivo,Órganos de control y supervisión
801060061,SUPERINTENDENCIA DE COMPETENCIA,Gobierno Central,Órgano Ejecutivo,Órganos de control y supervisión
101970720,SUPERINTENDENCIA DE PENSIONES,Gobierno Central,Órgano Ejecutivo,Órganos de control y supervisión
801970058,SUPERINTENDENCIA DE VALORES,Gobierno Central,Órgano Ejecutivo,Órganos de control y supervisión
1920152,SUPERINTENDENCIA DEL SISTEMA FINANCIERO,Gobierno Central,Órgano Ejecutivo,Órganos de control y supervisión
301111439,SUPERINTENDENCIA DEL SISTEMA FINANCIERO,Gobierno Central,Órgano Ejecutivo,Órganos de control y supervisión
2980234,SUPERINTENDENCIA GENERAL DE ELECTRICIDAD Y TELECOMUNICACIONES,Gobierno Central,Órgano Ejecutivo,Órganos de control y supervisión
501970484,SUPERINTENDENCIA GENERAL DE ELECTRICIDAD Y TELECOMUNICACIONES,Gobierno Central,Órgano Ejecutivo,Órganos de control y supervisión
201890120,UNIVERSIDAD DE EL SALVADOR,Otros,Otros,"Educación, ciencia y tecnología"
505890011,UNIVERSIDAD DE EL SALVADOR,Otros,Otros,"Educación, ciencia y tecnología"
511790012,UNIVERSIDAD DE EL SALVADOR,Otros,Otros,"Educación, ciencia y tecnología"
906800019,UNIVERSIDAD DE EL SALVADOR,Otros,Otros,"Educación, ciencia y tecnología"
101580003,INSTITUTO SALVADORENO DEL SEGURO SOCIAL,Gobierno Central,Órgano Ejecutivo,Salud
102690263,INSTITUTO SALVADORENO DEL SEGURO SOCIAL,Gobierno Central,Órgano Ejecutivo,Salud
103610059,INSTITUTO SALVADORENO DEL SEGURO SOCIAL,Gobierno Central,Órgano Ejecutivo,Salud
104680297,INSTITUTO SALVADORENO DEL SEGURO SOCIAL,Gobierno Central,Órgano Ejecutivo,Salud
105690113,INSTITUTO SALVADORENO DEL SEGURO SOCIAL,Gobierno Central,Órgano Ejecutivo,Salud
106680637,INSTITUTO SALVADORENO DEL SEGURO SOCIAL,Gobierno Central,Órgano Ejecutivo,Salud
111691450,INSTITUTO SALVADORENO DEL SEGURO SOCIAL,Gobierno Central,Órgano Ejecutivo,Salud
114690105,INSTITUTO SALVADORENO DEL SEGURO SOCIAL,Gobierno Central,Órgano Ejecutivo,Salud
210940001,INSTITUTO SALVADORENO DEL SEGURO SOCIAL,Gobierno Central,Órgano Ejecutivo,Salud
307940001,INSTITUTO SALVADORENO DEL SEGURO SOCIAL,Gobierno Central,Órgano Ejecutivo,Salud
312750017,INSTITUTO SALVADORENO DEL SEGURO SOCIAL,Gobierno Central,Órgano Ejecutivo,Salud
509720003,INSTITUTO SALVADORENO DEL SEGURO SOCIAL,Gobierno Central,Órgano Ejecutivo,Salud
513750017,INSTITUTO SALVADORENO DEL SEGURO SOCIAL,Gobierno Central,Órgano Ejecutivo,Salud
601101469,INSTITUTO SALVADORENO DEL SEGURO SOCIAL,Gobierno Central,Órgano Ejecutivo,Salud
908720001,INSTITUTO SALVADORENO DEL SEGURO SOCIAL,Gobierno Central,Órgano Ejecutivo,Salud
101870215,INSTITUTO DE PREVISION SOCIAL DE LA FUERZA ARMADA,Gobierno Central,Órgano Ejecutivo,Protección y Seguridad Social
601980510,INSTITUTO DE PREVISION SOCIAL DE LA FUERZA ARMADA,Gobierno Central,Órgano Ejecutivo,Protección y Seguridad Social
601131568,INSTITUTO DE PREVISION SOCIAL DE LA FUERZA ARMADA,Gobierno Central,Órgano Ejecutivo,Protección y Seguridad Social
901810273,INSTITUTO NACIONAL PENSIONES EMPLEADOS PUBLICOS,Gobierno Central,Órgano Ejecutivo,Protección y Seguridad Social
501080979,INSTITUTO SALVADORENO DE BIENESTAR MAGISTERIAL,Gobierno Central,Órgano Ejecutivo,Protección y Seguridad Social
101690030,ADMON NAC DE ACUEDUCTOS Y ALCANTARILLADO,Gobierno Central,Órgano Ejecutivo,Empresas públicas no financieras
102690227,ADMON NAC DE ACUEDUCTOS Y ALCANTARILLADO,Gobierno Central,Órgano Ejecutivo,Empresas públicas no financieras
103690043,ADMON NAC DE ACUEDUCTOS Y ALCANTARILLADO,Gobierno Central,Órgano Ejecutivo,Empresas públicas no financieras
104680343,ADMON NAC DE ACUEDUCTOS Y ALCANTARILLADO,Gobierno Central,Órgano Ejecutivo,Empresas públicas no financieras
105690101,ADMON NAC DE ACUEDUCTOS Y ALCANTARILLADO,Gobierno Central,Órgano Ejecutivo,Empresas públicas no financieras
106680682,ADMON NAC DE ACUEDUCTOS Y ALCANTARILLADO,Gobierno Central,Órgano Ejecutivo,Empresas públicas no financieras
107680036,ADMON NAC DE ACUEDUCTOS Y ALCANTARILLADO,Gobierno Central,Órgano Ejecutivo,Empresas públicas no financieras
108680218,ADMON NAC DE ACUEDUCTOS Y ALCANTARILLADO,Gobierno Central,Órgano Ejecutivo,Empresas públicas no financieras
110710003,ADMON NAC DE ACUEDUCTOS Y ALCANTARILLADO,Gobierno Central,Órgano Ejecutivo,Empresas públicas no financieras
111690603,ADMON NAC DE ACUEDUCTOS Y ALCANTARILLADO,Gobierno Central,Órgano Ejecutivo,Empresas públicas no financieras
112680029,ADMON NAC DE ACUEDUCTOS Y ALCANTARILLADO,Gobierno Central,Órgano Ejecutivo,Empresas públicas no financieras
114680001,ADMON NAC DE ACUEDUCTOS Y ALCANTARILLADO,Gobierno Central,Órgano Ejecutivo,Empresas públicas no financieras
109680019,ADMON NAC DE ACUEDUCTOS Y ALCANTARILLADO,Gobierno Central,Órgano Ejecutivo,Empresas públicas no financieras
113680002,ADMON NAC DE ACUEDUCTOS Y ALCANTARILLADO,Gobierno Central,Órgano Ejecutivo,Empresas públicas no financieras
11740062,LOTERIA NACIONAL DE BENEFICENCIA,Gobierno Central,Órgano Ejecutivo,Empresas públicas no financieras
101690026,LOTERIA NACIONAL DE BENEFICENCIA,Gobierno Central,Órgano Ejecutivo,Empresas públicas no financieras
406840023,LOTERIA NACIONAL DE BENEFICENCIA,Gobierno Central,Órgano Ejecutivo,Empresas públicas no financieras
503890035,LOTERIA NACIONAL DE BENEFICENCIA,Gobierno Central,Órgano Ejecutivo,Empresas públicas no financieras
614890011,LOTERIA NACIONAL DE BENEFICENCIA,Gobierno Central,Órgano Ejecutivo,Empresas públicas no financieras
702890059,LOTERIA NACIONAL DE BENEFICENCIA,Gobierno Central,Órgano Ejecutivo,Empresas públicas no financieras
805850001,LOTERIA NACIONAL DE BENEFICENCIA,Gobierno Central,Órgano Ejecutivo,Empresas públicas no financieras
809890022,LOTERIA NACIONAL DE BENEFICENCIA,Gobierno Central,Órgano Ejecutivo,Empresas públicas no financieras
904890014,LOTERIA NACIONAL DE BENEFICENCIA,Gobierno Central,Órgano Ejecutivo,Empresas públicas no financieras
101690029,COMISION EJECUTIVA HIDROELECTRICA RIO LEMPA,Gobierno Central,Órgano Ejecutivo,Empresas públicas no financieras
102690253,COMISION EJECUTIVA HIDROELECTRICA RIO LEMPA,Gobierno Central,Órgano Ejecutivo,Empresas públicas no financieras
103690189,COMISION EJECUTIVA HIDROELEC DEL RIO LEM,Gobierno Central,Órgano Ejecutivo,Empresas públicas no financieras
104690073,COMISION EJECUTIVA HIDROELECTRICA RIO LE,Gobierno Central,Órgano Ejecutivo,Empresas públicas no financieras
105690020,COMISION EJECUTIVA HIDROLEC DEL RIO LEMP,Gobierno Central,Órgano Ejecutivo,Empresas públicas no financieras
106680692,COMISION EJECUTIVA HIDROELECTRICA DE RIO,Gobierno Central,Órgano Ejecutivo,Empresas públicas no financieras
107690003,COMISION EJECUTIVA HIDROELECTRICA RIO LE,Gobierno Central,Órgano Ejecutivo,Empresas públicas no financieras
108690008,COMISION EJECUTIVA HIDROELECTRICA DEL RI,Gobierno Central,Órgano Ejecutivo,Empresas públicas no financieras
110690258,COMISION EJECUTIVA HIDROELEC DEL RIO LEM,Gobierno Central,Órgano Ejecutivo,Empresas públicas no financieras
111690815,COMISION EJECUTIVA HIDROELECTRI DEL RIO,Gobierno Central,Órgano Ejecutivo,Empresas públicas no financieras
112690005,COM EJEC HIDROECT DEL RIO LEM,Gobierno Central,Órgano Ejecutivo,Empresas públicas no financieras
113680022,COMISION EJECUTIVA DEL RIO LEMPA CEL,Gobierno Central,Órgano Ejecutivo,Empresas públicas no financieras
114680012,COMISION EJECUTIVA DEL RIO LEMPA,Gobierno Central,Órgano Ejecutivo,Empresas públicas no financieras
801750453,COMISION EJECUTIVA PORTUARIA AUTONOMA,Gobierno Central,Órgano Ejecutivo,Empresas públicas no financieras
101660571,COMISION EJECUTIVA PORTUARIA AUTONOMA,Gobierno Central,Órgano Ejecutivo,Empresas públicas no financieras
101610097,COMISION EJECUTIVA DEL PUERTO DE ACAJUTLA,Gobierno Central,Órgano Ejecutivo,Empresas públicas no financieras
502750067,COMISION EJECUTIVA PORTUARIA AUTONOMA,Gobierno Central,Órgano Ejecutivo,Empresas públicas no financieras
102700091,COMISION EJECUTIVA PORTUARIA AUTONOMA,Gobierno Central,Órgano Ejecutivo,Empresas públicas no financieras
502750001,COMISION EJECUTIVA PORTUARIA AUTONOMA FE,Gobierno Central,Órgano Ejecutivo,Empresas públicas no financieras
903750024,COMISION EJECUTIVA PORTUARIA AUTONOMA,Gobierno Central,Órgano Ejecutivo,Empresas públicas no financieras
103610053,COMISION EJECUTIVA DEL PUERTO DE ACAJUTL,Gobierno Central,Órgano Ejecutivo,Empresas públicas no financieras
103670021,COMISION EJECUTIVA PORTUARIA AUTONOMA,Gobierno Central,Órgano Ejecutivo,Empresas públicas no financieras
405750016,COMISION EJECUTIVA PORTUARIA AUTONOMA,Gobierno Central,Órgano Ejecutivo,Empresas públicas no financieras
306750001,COMISION EJECUTIVA PORTUARIA AUTONOMA (fenadesal),Gobierno Central,Órgano Ejecutivo,Empresas públicas no financieras
806750034,COMISION EJECUTIVA PORTUARIA AUTONOMA,Gobierno Central,Órgano Ejecutivo,Empresas públicas no financieras
908750024,COMISION EJECUTIVA PORTUARIA AUTONOMA,Gobierno Central,Órgano Ejecutivo,Empresas públicas no financieras
609750013,COMISION EJECUTIVA PORTUARIA AUTONOMA,Gobierno Central,Órgano Ejecutivo,Empresas públicas no financieras
510750010,COMISION EJECUTIVA PORTUARIA AUTONOMA,Gobierno Central,Órgano Ejecutivo,Empresas públicas no financieras
11750042,COMISION EJECUTIVA PORTUARIA AUTONOMA,Gobierno Central,Órgano Ejecutivo,Empresas públicas no financieras
714750012,COMISION EJECUTIVA PORTUARIA AUTONOMA,Gobierno Central,Órgano Ejecutivo,Empresas públicas no financieras
104750024,FERROCARRILES NACIONALES DE EL SALVADOR,Gobierno Central,Órgano Ejecutivo,Empresas públicas no financieras
201991423,FONDO SOLIDARIO PARA LA FAMILIA MICROEMP (FOSOFAMILIA),Gobierno Central,Órgano Ejecutivo,Empresas públicas financiera
101610173,BANCO CENTRAL DE RESERVA DE EL SALVADOR,Financieras,Órgano Ejecutivo,Empresas públicas financiera
103640007,BANCO CENTRAL DE RESERVA DE EL SALVADOR,Financieras,Órgano Ejecutivo,Empresas públicas financiera
106680207,BANCO CENTRAL DE RESERVA DE EL SALVADOR,Financieras,Órgano Ejecutivo,Empresas públicas financiera
107680048,BANCO CENTRAL DE RESERVA DE EL SALVADOR,Financieras,Órgano Ejecutivo,Empresas públicas financiera
111690039,BANCO CENTRAL DE RESERVA DE EL SALVADOR,Financieras,Órgano Ejecutivo,Empresas públicas financiera
101540317,BANCO CENTRAL DE RESERVA DE EL SALVADOR,Financieras,Órgano Ejecutivo,Empresas públicas financiera
801941247,BANCO DE DESARROLLO DE EL SALVADOR (BANDESAL),Financieras,Órgano Ejecutivo,Empresas públicas financiera
12740005,BANCO DE FOMENTO AGROPECUARIO,Financieras,Órgano Ejecutivo,Empresas públicas financiera
106730040,BANCO DE FOMENTO AGROPECUARIO,Financieras,Órgano Ejecutivo,Empresas públicas financiera
203730133,BANCO DE FOMENTO AGROPECUARIO,Financieras,Órgano Ejecutivo,Empresas públicas financiera
409730052,BANCO DE FOMENTO AGROPECUARIO,Financieras,Órgano Ejecutivo,Empresas públicas financiera
413750003,BANCO DE FOMENTO AGROPECUARIO,Financieras,Órgano Ejecutivo,Empresas públicas financiera
507730007,BANCO DE FOMENTO AGROPECUARIO,Financieras,Órgano Ejecutivo,Empresas públicas financiera
605730074,BANCO DE FOMENTO AGROPECUARIO,Financieras,Órgano Ejecutivo,Empresas públicas financiera
701730842,BANCO DE FOMENTO AGROPECUARIO,Financieras,Órgano Ejecutivo,Empresas públicas financiera
710740019,BANCO DE FOMENTO AGROPECUARIO,Financieras,Órgano Ejecutivo,Empresas públicas financiera
711730131,BANCO DE FOMENTO AGROPECUARIO,Financieras,Órgano Ejecutivo,Empresas públicas financiera
714730018,BANCO DE FOMENTO AGROPECUARIO,Financieras,Órgano Ejecutivo,Empresas públicas financiera
802730115,BANCO DE FOMENTO AGROPECUARIO,Financieras,Órgano Ejecutivo,Empresas públicas financiera
804730059,BANCO DE FOMENTO AGROPECUARIO,Financieras,Órgano Ejecutivo,Empresas públicas financiera
808730072,BANCO DE FOMENTO AGROPECUARIO,Financieras,Órgano Ejecutivo,Empresas públicas financiera
103630018,BANCO HIPOTECARIO DE EL SALVADOR,Financieras,Órgano Ejecutivo,Empresas públicas financiera
105690109,BANCO HIPOTECARIO DE EL SALVADOR,Financieras,Órgano Ejecutivo,Empresas públicas financiera
106680008,BANCO HIPOTECARIO DE EL SALVADOR,Financieras,Órgano Ejecutivo,Empresas públicas financiera
109680015,BANCO HIPOTECARIO DE EL SALVADOR,Financieras,Órgano Ejecutivo,Empresas públicas financiera
110690254,BANCO HIPOTECARIO DE EL SALVADOR,Financieras,Órgano Ejecutivo,Empresas públicas financiera
111690043,BANCO HIPOTECARIO DE EL SALVADOR,Financieras,Órgano Ejecutivo,Empresas públicas financiera
113680011,BANCO HIPOTECARIO DE EL SALVADOR,Financieras,Órgano Ejecutivo,Empresas públicas financiera
104680139,BANCO HIPOTECARIO DE EL SALVADOR,Financieras,Órgano Ejecutivo,Empresas públicas financiera
101540711,BANCO HIPOTECARIO DEL EL SALVADOR,Financieras,Órgano Ejecutivo,Empresas públicas financiera
201820285,BANCO NACIONAL DE FOMENTO INDUSTRIAL,Financieras,Órgano Ejecutivo,Empresas públicas financiera
906890073,BANCO NACIONAL DE FOMENTO INDUSTRIAL,Financieras,Órgano Ejecutivo,Empresas públicas financiera
102890051,FONDO DE FINANCIAMIENTO GTIA PEQUENA EMPRESA,Gobierno Central,Órgano Ejecutivo,Empresas públicas no financieras
301890293,FONDO DE FINANCIAMIENTO GTIA PEQUENA EMPRESA,Gobierno Central,Órgano Ejecutivo,Empresas públicas no financieras
108890016,FONDO DE FINANCIAMIENTO GTIA PEQUENA EMPRESA,Gobierno Central,Órgano Ejecutivo,Empresas públicas no financieras
111790032,FONDO DE FINANCIAMIENTO GTIA PEQUENA EMPRESA,Gobierno Central,Órgano Ejecutivo,Empresas públicas no financieras
204850060,FONDO DE FINANCIAMIENTO GTIA PEQUENA EMPRESA,Gobierno Central,Órgano Ejecutivo,Empresas públicas no financieras
605890020,FONDO DE FINANCIAMIENTO GTIA PEQUENA EMPRESA,Gobierno Central,Órgano Ejecutivo,Empresas públicas no financieras
803810027,FONDO DE FINANCIAMIENTO GTIA PEQUENA EMPRESA,Gobierno Central,Órgano Ejecutivo,Empresas públicas no financieras
706800013,FONDO DE FINANCIAMIENTO GTIA PEQUENA EMPRESA,Gobierno Central,Órgano Ejecutivo,Empresas públicas no financieras
901951231,FONDO DE SANEAMIENTO Y FORTALECIMIENTO FINANCIERO,Gobierno Central,Órgano Ejecutivo,Órganos de control y supervisión
401971523,FONDO NACIONAL DE VIVIENDA  POPULAR,Gobierno Central,Órgano Ejecutivo,"Obras Públicas, Transporte, Vivienda y Desarrollo Territorial"
601750217,FONDO SOCIAL PARA LA VIVIENDA,Gobierno Central,Órgano Ejecutivo,"Obras Públicas, Transporte, Vivienda y Desarrollo Territorial"
501950745,FONDO PROTECCION FUNCIONARIOS EMPRESA BCO CENTRAL DE RESERVA,Otros,Otros,Otros
501150787,SECRETARIA  DE CULTURA DE SAN SALVADOR  (ALCALDÖA S.S),Gobiernos Locales,Alcaldías,Gobiernos Municipales
501160780,SECRETARIA  ANTIDROGAS DE SAN SALVADOR  (ALCALDÖA S.S),Gobiernos Locales,Alcaldías,Gobiernos Municipales
101070218,INSTITUTO MUNICIPAL DE DEPORTES Y RECREACION   (INDER)  ALCALDÖA SS),Gobiernos Locales,Alcaldías,Gobiernos Municipales
712970016,FONDO DE INVERSION EDUCATIVA DE ALCALDIA MPAL DE DULCE NOMBRE DE MARIA (ESC. MUNICIPAL EL MANZANO),Gobiernos Locales,Alcaldías,Gobiernos Municipales
701160780,SECRETARIA  ANTIDROGAS DE SAN SALVADOR  (ALCALDÍA S.S),Gobiernos Locales,Alcaldías,Gobiernos Municipales
601141102,MINISTERIO DE LA DEFENSA NACIONAL - ESTADO MAYOR PRESIDENCIAL  (CONVENIO MINISTERIO-ISSS),Gobierno Central,Órgano Ejecutivo,Seguridad pública
401161384,SECRETARIA DE LA MUJER DE LA CIUDAD DE SAN SALVADOR,Gobiernos Locales,Alcaldías,Gobiernos Municipales
901020114,CENTRO DE PROMOCION CULTURAL Y RECREATIVA MUNICIPAL DE SAN SALVADOR,Gobiernos Locales,Alcaldías,Gobiernos Municipales
101020198,ADMINISTRACION GENERAL DE CEMENTERIOS DEL MUNICIPIO DE SAN SALVADOR,Gobiernos Locales,Alcaldías,Gobiernos Municipales
1930752,ALCALDIA MUNICIPAL DE SOYAPANGO,Gobiernos Locales,Alcaldías,Gobiernos Municipales
1990612,ALCALDIA MUNICIPAL DE CUSCATANCINGO,Gobiernos Locales,Alcaldías,Gobiernos Municipales
201930052,ALCALDIA MUNICIPAL DE APOPA,Gobiernos Locales,Alcaldías,Gobiernos Municipales
201980976,ALCALDIA MUNICIPAL DE SANTIAGO TEXACUANG,Gobiernos Locales,Alcaldías,Gobiernos Municipales
201991261,ALCALDIA MUNICIPAL DE GUAZAPA,Gobiernos Locales,Alcaldías,Gobiernos Municipales
301980284,ALCALDIA MUNICIPAL DE AYUTUXTEPEQUE,Gobiernos Locales,Alcaldías,Gobiernos Municipales
301990345,ALCALDIA MUNICIPAL DE PANCHIMALCO,Gobiernos Locales,Alcaldías,Gobiernos Municipales
401990371,ALCALDIA MUNICIPAL DE CIUDAD DELGADO,Gobiernos Locales,Alcaldías,Gobiernos Municipales
501980001,ALCALDIA MUNICIPAL DE SAN MARCOS,Gobiernos Locales,Alcaldías,Gobiernos Municipales
501980567,ALCALDIA MUNICIPAL DE MEJICANOS,Gobiernos Locales,Alcaldías,Gobiernos Municipales
501990167,ALCALDIA MUNICIPAL DE EL PAISNAL,Gobiernos Locales,Alcaldías,Gobiernos Municipales
501990802,ALCALDIA MUNICIPAL DE AGUILARES,Gobiernos Locales,Alcaldías,Gobiernos Municipales
601961583,ALCALDIA MUNICIPAL DE NEJAPA,Gobiernos Locales,Alcaldías,Gobiernos Municipales
701940705,ALCALDIA MUNICIPAL DE SAN SALVADOR,Gobiernos Locales,Alcaldías,Gobiernos Municipales
701990381,ALCALDIA MUNICIPAL DE ROSARIO DE MORA,Gobiernos Locales,Alcaldías,Gobiernos Municipales
801950157,ALCALDIA MUNICIPAL DE ILOPANGO,Gobiernos Locales,Alcaldías,Gobiernos Municipales
801990373,ALCALDIA MUNICIPAL DE SAN MARTIN,Gobiernos Locales,Alcaldías,Gobiernos Municipales
801990471,ALCALDIA MUNICIPAL DE TONACATEPEQUE,Gobiernos Locales,Alcaldías,Gobiernos Municipales
901990382,ALCALDIA MUNICIPAL DE SANTO TOMAS,Gobiernos Locales,Alcaldías,Gobiernos Municipales
2990052,ALCALDIA MUNICIPAL DE SAN JOSE VILLANUEV,Gobiernos Locales,Alcaldías,Gobiernos Municipales
2990079,ALCALDIA MUNICIPAL DE TEPECOYO,Gobiernos Locales,Alcaldías,Gobiernos Municipales
2990317,ALCALDIA MUNICIPAL DE JAYAQUE,Gobiernos Locales,Alcaldías,Gobiernos Municipales
102960200,ALCALDIA MUNICIPAL DE SACACOYO,Gobiernos Locales,Alcaldías,Gobiernos Municipales
102990061,ALCALDIA MUNICIPAL DE COMASAGUA,Gobiernos Locales,Alcaldías,Gobiernos Municipales
202990058,ALCALDIA MUNICIPAL DE JICALAPA,Gobiernos Locales,Alcaldías,Gobiernos Municipales
302990062,ALCALDIA MUNICIPAL DE SAN MATIAS,Gobiernos Locales,Alcaldías,Gobiernos Municipales
402920278,ALCALDIA MUNICIPAL DE ANTIGUO CUSCATLAN,Gobiernos Locales,Alcaldías,Gobiernos Municipales
402960416,ALCALDIA MUNICIPAL DE CIUDAD ARCE,Gobiernos Locales,Alcaldías,Gobiernos Municipales
402990059,ALCALDIA MUNICIPAL DE TALNIQUE,Gobiernos Locales,Alcaldías,Gobiernos Municipales
402990319,ALCALDIA MUNICIPAL DE TEOTEPEQUE,Gobiernos Locales,Alcaldías,Gobiernos Municipales
502910104,ALCALDIA MUNICIPAL DE SANTA TECLA,Gobiernos Locales,Alcaldías,Gobiernos Municipales
502990105,ALCALDIA MUNICIPAL DE TAMANIQUE,Gobiernos Locales,Alcaldías,Gobiernos Municipales
602000160,ALCALDIA MUNICIPAL DE HUIZUCAR,Gobiernos Locales,Alcaldías,Gobiernos Municipales
602940295,ALCALDIA MUNICIPAL DE VILLA COLON,Gobiernos Locales,Alcaldías,Gobiernos Municipales
602970257,ALCALDIA MUNICIPAL DE SAN JUAN OPICO,Gobiernos Locales,Alcaldías,Gobiernos Municipales
702930160,ALCALDIA MUNICIPAL DE QUEZALTEPEQUE,Gobiernos Locales,Alcaldías,Gobiernos Municipales
702990081,ALCALDIA MUNICIPAL DE LA LIBERTAD,Gobiernos Locales,Alcaldías,Gobiernos Municipales
802990051,ALCALDIA MUNICIPAL DE NUEVO CUSCATLAN,Gobiernos Locales,Alcaldías,Gobiernos Municipales
802990073,ALCALDIA MUNICIPAL DE SAN PABLO TACACHIC,Gobiernos Locales,Alcaldías,Gobiernos Municipales
902970066,ALCALDIA MUNICIPAL ZARAGOZA,Gobiernos Locales,Alcaldías,Gobiernos Municipales
902990060,ALCALDIA MUNICIPAL DE CHILTIUPAN,Gobiernos Locales,Alcaldías,Gobiernos Municipales
203860127,ALCALDIA MUNICIPAL DE SONZACATE,Gobiernos Locales,Alcaldías,Gobiernos Municipales
203990052,ALCALDIA MUNICIPAL DE SANTO DOMINGO DE G,Gobiernos Locales,Alcaldías,Gobiernos Municipales
303960060,ALCALDIA MUNICIPAL DE SAN JULIAN,Gobiernos Locales,Alcaldías,Gobiernos Municipales
303990061,ALCALDIA MUNICIPAL DE SANTA ISABEL ISHUA,Gobiernos Locales,Alcaldías,Gobiernos Municipales
403940195,ALCALDIA MUNICIPAL DE CALUCO,Gobiernos Locales,Alcaldías,Gobiernos Municipales
403990053,ALCALDIA MUNICIPAL DE CUISNAHUAT,Gobiernos Locales,Alcaldías,Gobiernos Municipales
503860012,ALCALDIA MUNICIPAL DE SONSONATE,Gobiernos Locales,Alcaldías,Gobiernos Municipales
503960061,ALCALDIA MUNICIPAL DE SAN ANTONIO DEL MO,Gobiernos Locales,Alcaldías,Gobiernos Municipales
503990062,ALCALDIA MUNICIPAL DE NAHUIZALCO,Gobiernos Locales,Alcaldías,Gobiernos Municipales
603990054,ALCALDIA MUNICIPAL DE SANTA CATARINA MAS,Gobiernos Locales,Alcaldías,Gobiernos Municipales
703990063,ALCALDIA MUNICIPAL DE SALCOATITAN,Gobiernos Locales,Alcaldías,Gobiernos Municipales
803860169,ALCALDIA MUNICIPAL DE JUAYUA,Gobiernos Locales,Alcaldías,Gobiernos Municipales
803960059,ALCALDIA MUNICIPAL DE IZALCO,Gobiernos Locales,Alcaldías,Gobiernos Municipales
803990055,ALCALDIA MUNICIPAL DE NAHULINGO,Gobiernos Locales,Alcaldías,Gobiernos Municipales
903880074,ALCALDIA MUNICIPAL DE ACAJUTLA,Gobiernos Locales,Alcaldías,Gobiernos Municipales
903960024,ALCALDIA MUNICIPAL DE ARMENIA,Gobiernos Locales,Alcaldías,Gobiernos Municipales
4990011,ALCALDIA MUNICIPAL DE JIQUILISCO,Gobiernos Locales,Alcaldías,Gobiernos Municipales
104980121,ALCALDIA MUNICIPAL DE SANTIAGO DE MARIA,Gobiernos Locales,Alcaldías,Gobiernos Municipales
104980126,ALCALDIA MUNICIPAL DE NUEVA GRANADA,Gobiernos Locales,Alcaldías,Gobiernos Municipales
104990003,ALCALDIA MUNICIPAL DE MERCEDES UMAÑA,Gobiernos Locales,Alcaldías,Gobiernos Municipales
204980135,ALCALDIA MUNICIPAL DE EREGUAYQUIN,Gobiernos Locales,Alcaldías,Gobiernos Municipales
204990012,ALCALDIA MUNICIPAL DE JUCUAPA,Gobiernos Locales,Alcaldías,Gobiernos Municipales
204990051,ALCALDIA MUNICIPAL DE USULUTAN,Gobiernos Locales,Alcaldías,Gobiernos Municipales
304980127,ALCALDIA MUNICIPAL DE EL TRIUNFO,Gobiernos Locales,Alcaldías,Gobiernos Municipales
304990004,ALCALDIA MUNICIPAL DE TECAPAN,Gobiernos Locales,Alcaldías,Gobiernos Municipales
304990009,ALCALDIA MUNICIPAL DE SAN AGUSTIN,Gobiernos Locales,Alcaldías,Gobiernos Municipales
304990043,ALCALDIA MUNICIPAL SANTA MARIA,Gobiernos Locales,Alcaldías,Gobiernos Municipales
404970014,ALCALDIA MUNICIPAL DE PUERTO EL TRIUNFO,Gobiernos Locales,Alcaldías,Gobiernos Municipales
404990013,ALCALDIA MUNICIPAL DE VILLA DE OZATLAN,Gobiernos Locales,Alcaldías,Gobiernos Municipales
504990005,ALCALDIA MUNICIPAL DE SANTA ELENA,Gobiernos Locales,Alcaldías,Gobiernos Municipales
604980137,ALCALDIA MUNICIPAL DE ESTANZUELAS,Gobiernos Locales,Alcaldías,Gobiernos Municipales
704990001,ALCALDIA MUNICIPAL DE BERLIN,Gobiernos Locales,Alcaldías,Gobiernos Municipales
804990010,ALCALDIA MUNICIPAL DE CALIFORNIA,Gobiernos Locales,Alcaldías,Gobiernos Municipales
804990054,ALCALDIA MUNICIPAL DE SAN BUENAVENTURA,Gobiernos Locales,Alcaldías,Gobiernos Municipales
804990211,ALCALDIA MUNICIPAL DE ALEGRIA,Gobiernos Locales,Alcaldías,Gobiernos Municipales
904960121,ALCALDIA MUNICIPAL DE CONCEPCION BATRES,Gobiernos Locales,Alcaldías,Gobiernos Municipales
904980125,ALCALDIA MUNICIPAL DE JUCUARAN,Gobiernos Locales,Alcaldías,Gobiernos Municipales
904990041,ALCALDIA MUNICIPAL DE SAN FRANCISCO,Gobiernos Locales,Alcaldías,Gobiernos Municipales
904990161,ALCALDIA MUNICIPAL DE SAN DIONICIO,Gobiernos Locales,Alcaldías,Gobiernos Municipales
5990010,ALCALDIA MUNICIPAL DE SAN EMIGDIO,Gobiernos Locales,Alcaldías,Gobiernos Municipales
5990015,ALCALDIA MUNICIPAL DE TAPALHUACA,Gobiernos Locales,Alcaldías,Gobiernos Municipales
105970008,ALCALDIA MUNICIPAL SAN RAFAEL OBRAJUELO,Gobiernos Locales,Alcaldías,Gobiernos Municipales
105990024,ALCALDIA MUNICIPAL DE SAN JUAN NONUALCO,Gobiernos Locales,Alcaldías,Gobiernos Municipales
105990029,ALCALDIA MUNICIPAL DE SAN ANTONIO MASAHU,Gobiernos Locales,Alcaldías,Gobiernos Municipales
205990011,ALCALDIA MUNICIPAL DE SAN MIGUEL,Gobiernos Locales,Alcaldías,Gobiernos Municipales
205990016,ALCALDIA MUNICIPAL PARAISO DE OSORIO,Gobiernos Locales,Alcaldías,Gobiernos Municipales
305990008,ALCALDIA MUNICIPAL EL ROSARIO LA PAZ,Gobiernos Locales,Alcaldías,Gobiernos Municipales
305990020,ALCALDIA MUNICIPAL DE ZACATECOLUCA,Gobiernos Locales,Alcaldías,Gobiernos Municipales
305990025,ALCALDIA MUNICIPAL DE CUYULTITAN,Gobiernos Locales,Alcaldías,Gobiernos Municipales
405990012,ALCALDIA MUNICIPAL DE SAN JUAN TEPEZONTE,Gobiernos Locales,Alcaldías,Gobiernos Municipales
505990021,ALCALDIA MUNICIPAL DE SANTA MARIA OSTUMA,Gobiernos Locales,Alcaldías,Gobiernos Municipales
505990060,ALCALDIA MUNICIPAL DE JERUSALEM,Gobiernos Locales,Alcaldías,Gobiernos Municipales
605000025,ALCALDIA MUNICIPAL DE SAN PEDRO NONUALCO,Gobiernos Locales,Alcaldías,Gobiernos Municipales
605990013,ALCALDIA MUNICIPAL DE SAN JUAN TALPA,Gobiernos Locales,Alcaldías,Gobiernos Municipales
605990018,ALCALDIA MUNICIPAL DE SAN PEDRO MASAHUAT,Gobiernos Locales,Alcaldías,Gobiernos Municipales
705980025,ALCALDIA MUNICIPAL DE SAN LUIS TALPA,Gobiernos Locales,Alcaldías,Gobiernos Municipales
705990022,ALCALDIA MUNICIPAL DE SANTIAGO NONUALCO,Gobiernos Locales,Alcaldías,Gobiernos Municipales
705990044,ALCALDIA MUNICIPAL DE SAN LUIS LA HERRAD,Gobiernos Locales,Alcaldías,Gobiernos Municipales
705990061,ALCALDIA MUNICIPAL DE MERCEDES LA CEIBA.,Gobiernos Locales,Alcaldías,Gobiernos Municipales
805000026,ALCALDIA MUNICIPAL DE SAN FRANCISCO CHIN,Gobiernos Locales,Alcaldías,Gobiernos Municipales
805990019,ALCALDIA MUNICIPAL DE OLOCUILTA,Gobiernos Locales,Alcaldías,Gobiernos Municipales
6990014,ALCALDIA MUNICIPAL DE CIUDAD BARRIOS,Gobiernos Locales,Alcaldías,Gobiernos Municipales
6990019,ALCALDIA MUNICIPAL DE SN LUIS LA REINA,Gobiernos Locales,Alcaldías,Gobiernos Municipales
6990092,ALCALDIA MUNICIPAL DE SAN JORGE,Gobiernos Locales,Alcaldías,Gobiernos Municipales
106990006,ALCALDIA MUNICIPAL DE NUEVA GUADALUPE,Gobiernos Locales,Alcaldías,Gobiernos Municipales
106990040,ALCALDIA MUNICIPAL DE MONCAGUA,Gobiernos Locales,Alcaldías,Gobiernos Municipales
106990089,ALCALDIA MUNICIPAL DE CAROLINA,Gobiernos Locales,Alcaldías,Gobiernos Municipales
206990093,ALCALDIA MUNICIPAL DE EL TRANSITO,Gobiernos Locales,Alcaldías,Gobiernos Municipales
306990002,ALCALDIA MUNICIPAL DE CHIRILAGUA,Gobiernos Locales,Alcaldías,Gobiernos Municipales
306990046,ALCALDIA MUNICIPAL DE SAN GERARDO,Gobiernos Locales,Alcaldías,Gobiernos Municipales
306990144,ALCALDIA MUNICIPAL DE CHINAMECA,Gobiernos Locales,Alcaldías,Gobiernos Municipales
406990050,ALCALDIA MUNICIPAL DE LOLOTIQUE,Gobiernos Locales,Alcaldías,Gobiernos Municipales
406990094,ALCALDIA MUNICIPAL DE SAN RAFAEL ORIENTE,Gobiernos Locales,Alcaldías,Gobiernos Municipales
506990025,ALCALDIA MUNICIPAL DE ULUAZAPA,Gobiernos Locales,Alcaldías,Gobiernos Municipales
506990047,ALCALDIA MUNICIPAL DE COMACARAN,Gobiernos Locales,Alcaldías,Gobiernos Municipales
806980131,ALCALDIA MUNICIPAL DE SESORI,Gobiernos Locales,Alcaldías,Gobiernos Municipales
806990013,ALCALDIA MUNICIPAL DE QUELEPA,Gobiernos Locales,Alcaldías,Gobiernos Municipales
806990018,ALCALDIA MUNICIPAL DE NVO EDEN DE SN JUA,Gobiernos Locales,Alcaldías,Gobiernos Municipales
906990049,ALCALDIA MUNICIPAL DE CHAPELTIQUE,Gobiernos Locales,Alcaldías,Gobiernos Municipales
906990061,ALCALDIA MUNICIPAL DE SAN MIGUEL,Gobiernos Locales,Alcaldías,Gobiernos Municipales
906990083,ALCALDIA MUNICIPAL DE SN ANTONIO DL MOSC,Gobiernos Locales,Alcaldías,Gobiernos Municipales
7990013,ALCALDIA MUNICIPAL DE JOATECA,Gobiernos Locales,Alcaldías,Gobiernos Municipales
7990018,ALCALDIA MUNICIPAL DE MEANGUERA,Gobiernos Locales,Alcaldías,Gobiernos Municipales
107990005,ALCALDIA MUNICIPAL DE CHILANGA,Gobiernos Locales,Alcaldías,Gobiernos Municipales
107990022,ALCALDIA MUNICIPAL EL DIVISADERO,Gobiernos Locales,Alcaldías,Gobiernos Municipales
207960035,ALCALDIA MUNICIPAL DE SAN FRANCISCO GOTE,Gobiernos Locales,Alcaldías,Gobiernos Municipales
207990014,ALCALDIA MUNICIPAL DE ARAMBALA,Gobiernos Locales,Alcaldías,Gobiernos Municipales
207990019,ALCALDIA MUNICIPAL DE SAN ISIDRO,Gobiernos Locales,Alcaldías,Gobiernos Municipales
307980009,ALCALDIA MUNICIPAL DE CACAOPERA,Gobiernos Locales,Alcaldías,Gobiernos Municipales
307980026,ALCALDIA MUNICIPAL DE PERQUIN,Gobiernos Locales,Alcaldías,Gobiernos Municipales
307990006,ALCALDIA MUNICIPAL DE CORINTO,Gobiernos Locales,Alcaldías,Gobiernos Municipales
407990010,ALCALDIA MUNICIPAL DE YAMABAL,Gobiernos Locales,Alcaldías,Gobiernos Municipales
407990015,ALCALDIA MUNICIPAL DE SAN FERNANDO,Gobiernos Locales,Alcaldías,Gobiernos Municipales
507970020,ALCALDIA MUNICIPAL DE JOCORO,Gobiernos Locales,Alcaldías,Gobiernos Municipales
507990002,ALCALDIA MUNICIPAL DE GUATAJIAGUA,Gobiernos Locales,Alcaldías,Gobiernos Municipales
507990007,ALCALDIA MUNICIPAL DE SOCIEDAD,Gobiernos Locales,Alcaldías,Gobiernos Municipales
507990024,ALCALDIA MUNICIPAL DE LOLOTIQUILLO,Gobiernos Locales,Alcaldías,Gobiernos Municipales
607990011,ALCALDIA MUNICIPAL DE TOROLA,Gobiernos Locales,Alcaldías,Gobiernos Municipales
607990016,ALCALDIA MUNICIPAL DE JOCOAITIQUE,Gobiernos Locales,Alcaldías,Gobiernos Municipales
707990003,ALCALDIA MUNICIPAL DE OSICALA,Gobiernos Locales,Alcaldías,Gobiernos Municipales
707990008,ALCALDIA MUNICIPAL DE SAN CARLOS,Gobiernos Locales,Alcaldías,Gobiernos Municipales
707990020,ALCALDIA MUNICIPAL DE GUALOCOCTI,Gobiernos Locales,Alcaldías,Gobiernos Municipales
807990012,ALCALDIA MUNICIPAL DE DELICIAS DE CONCEP,Gobiernos Locales,Alcaldías,Gobiernos Municipales
807990017,ALCALDIA MUNICIPAL DE VILLA EL ROSARIO,Gobiernos Locales,Alcaldías,Gobiernos Municipales
907990004,ALCALDIA MUNICIPAL DE YOLOAIQUIN,Gobiernos Locales,Alcaldías,Gobiernos Municipales
907990009,ALCALDIA MUNICIPAL DE SENSEMBRA,Gobiernos Locales,Alcaldías,Gobiernos Municipales
907990021,ALCALDIA MUNICIPAL DE SAN SIMON,Gobiernos Locales,Alcaldías,Gobiernos Municipales
8990012,ALCALDIA MUNICIPAL DE COJUTEPEQUE,Gobiernos Locales,Alcaldías,Gobiernos Municipales
108990004,ALCALDIA MUNICIPAL DE EL CARMEN,Gobiernos Locales,Alcaldías,Gobiernos Municipales
108990009,ALCALDIA MUNICIPAL DE SAN BARTOLOME PERU,Gobiernos Locales,Alcaldías,Gobiernos Municipales
208990013,ALCALDIA MUNICIPAL DE SANTA CRUZ MICHAPA,Gobiernos Locales,Alcaldías,Gobiernos Municipales
308990005,ALCALDIA MUNICIPAL DE CANDELARIA,Gobiernos Locales,Alcaldías,Gobiernos Municipales
408990014,ALCALDIA MUNICIPAL DE SAN RAFAEL CEDROS,Gobiernos Locales,Alcaldías,Gobiernos Municipales
508960022,ALCALDIA MUNICIPAL DE SAN PEDRO PERULAPA,Gobiernos Locales,Alcaldías,Gobiernos Municipales
508990006,ALCALDIA MUNICIPAL DE SANTA CRUZ ANALQUI,Gobiernos Locales,Alcaldías,Gobiernos Municipales
608990010,ALCALDIA MUNICIPAL DE MONTE SAN JUAN,Gobiernos Locales,Alcaldías,Gobiernos Municipales
708980005,ALCALDIA MUNICIPAL DE SAN JOSE GUAYABAL,Gobiernos Locales,Alcaldías,Gobiernos Municipales
708990007,ALCALDIA MUNICIPAL DE ORATORIO DE CONCEP,Gobiernos Locales,Alcaldías,Gobiernos Municipales
808990011,ALCALDIA MUNICIPAL DE EL ROSARIO,Gobiernos Locales,Alcaldías,Gobiernos Municipales
808990016,ALCALDIA MUNICIPAL DE SUCHITOTO,Gobiernos Locales,Alcaldías,Gobiernos Municipales
908990003,ALCALDIA MUNICIPAL DE VILLA SAN CRISTOBA,Gobiernos Locales,Alcaldías,Gobiernos Municipales
908990008,ALCALDIA MUNICIPAL DE SAN RAMON,Gobiernos Locales,Alcaldías,Gobiernos Municipales
908990020,ALCALDIA MUNICIPAL DE TENANCINGO,Gobiernos Locales,Alcaldías,Gobiernos Municipales
9990011,ALCALDIA MUNICIPAL DE SAN LORENZO,Gobiernos Locales,Alcaldías,Gobiernos Municipales
9990016,ALCALDIA MUNICIPAL DE GUADALUPE,Gobiernos Locales,Alcaldías,Gobiernos Municipales
109990003,ALCALDIA MUNICIPAL DE SAN SEBASTIAN,Gobiernos Locales,Alcaldías,Gobiernos Municipales
109990020,ALCALDIA MUNICIPAL DE NUEVO TEPETITAN,Gobiernos Locales,Alcaldías,Gobiernos Municipales
209990012,ALCALDIA MUNICIPAL DE SANTO DOMINGO,Gobiernos Locales,Alcaldías,Gobiernos Municipales
309990021,ALCALDIA MUNICIPAL DE SAN CAYETANO ISTEP,Gobiernos Locales,Alcaldías,Gobiernos Municipales
409990013,ALCALDIA MUNICIPAL DE TECOLUCA,Gobiernos Locales,Alcaldías,Gobiernos Municipales
409990018,ALCALDIA MUNICIPAL DE SAN ESTEBAN CATARI,Gobiernos Locales,Alcaldías,Gobiernos Municipales
609990019,ALCALDIA MUNICIPAL DE APASTEPEQUE,Gobiernos Locales,Alcaldías,Gobiernos Municipales
809960058,ALCALDIA MUNICIPAL DE SAN VICENTE,Gobiernos Locales,Alcaldías,Gobiernos Municipales
809990010,ALCALDIA MUNICIPAL DE SAN ILDEFONSO,Gobiernos Locales,Alcaldías,Gobiernos Municipales
809990015,ALCALDIA MUNICIPAL DE VERAPAZ,Gobiernos Locales,Alcaldías,Gobiernos Municipales
909990002,ALCALDIA MUNICIPAL DE SANTA CLARA,Gobiernos Locales,Alcaldías,Gobiernos Municipales
10990022,ALCALDIA MUNICIPAL DE TACUBA,Gobiernos Locales,Alcaldías,Gobiernos Municipales
110990019,ALCALDIA MUNICIPAL DE SAN LORENZO,Gobiernos Locales,Alcaldías,Gobiernos Municipales
310990015,ALCALDIA MUNICIPAL DE EL REFUGIO,Gobiernos Locales,Alcaldías,Gobiernos Municipales
410980005,ALCALDIA MUNICIPAL DE SAN FRANCISCO MENE,Gobiernos Locales,Alcaldías,Gobiernos Municipales
510960010,ALCALDIA MUNICIPAL DE AHUACHAPAN,Gobiernos Locales,Alcaldías,Gobiernos Municipales
610930023,ALCALDIA MUNICIPAL DE GUAYMANGO,Gobiernos Locales,Alcaldías,Gobiernos Municipales
610980001,ALCALDIA MUNICIPAL DE ATIQUIZAYA,Gobiernos Locales,Alcaldías,Gobiernos Municipales
610990020,ALCALDIA MUNICIPAL DE SAN PEDRO PUXTLA,Gobiernos Locales,Alcaldías,Gobiernos Municipales
810990021,ALCALDIA MUNICIPAL DE CONCEPCION D ATACO,Gobiernos Locales,Alcaldías,Gobiernos Municipales
910940057,ALCALDIA MUNICIPAL DE JUJUTLA,Gobiernos Locales,Alcaldías,Gobiernos Municipales
910990013,ALCALDIA MUNICIPAL DE TURIN,Gobiernos Locales,Alcaldías,Gobiernos Municipales
910990018,ALCALDIA MUNICIPAL DE APANECA,Gobiernos Locales,Alcaldías,Gobiernos Municipales
11970022,ALCALDIA MUNICIPAL DE CANDELARIA LA FRON,Gobiernos Locales,Alcaldías,Gobiernos Municipales
11990082,ALCALDIA MUNICIPAL DE SAN SEBASTIAN SALI,Gobiernos Locales,Alcaldías,Gobiernos Municipales
111980038,ALCALDIA MUNICIPAL DE COATEPEQUE,Gobiernos Locales,Alcaldías,Gobiernos Municipales
111990096,ALCALDIA MUNICIPAL DE TEXISTEPEQUE,Gobiernos Locales,Alcaldías,Gobiernos Municipales
211990061,ALCALDIA MUNICIPAL EL PORVENIR,Gobiernos Locales,Alcaldías,Gobiernos Municipales
211990088,ALCALDIA MUNICIPAL DE CHALCHUAPA,Gobiernos Locales,Alcaldías,Gobiernos Municipales
511990118,ALCALDIA MUNICIPAL DE METAPAN,Gobiernos Locales,Alcaldías,Gobiernos Municipales
711920257,ALCALDIA MUNICIPAL DE SANTIAGO DE LA FRO,Gobiernos Locales,Alcaldías,Gobiernos Municipales
711990094,ALCALDIA MUNICIPAL DE MASAHUAT,Gobiernos Locales,Alcaldías,Gobiernos Municipales
811990069,ALCALDIA MUNICIPAL DE SAN ANTONIO PAJONA,Gobiernos Locales,Alcaldías,Gobiernos Municipales
911910119,ALCALDIA MUNICIPAL DE SANTA ANA,Gobiernos Locales,Alcaldías,Gobiernos Municipales
911970035,ALCALDIA MUNICIPAL DE VILLA EL CONGO,Gobiernos Locales,Alcaldías,Gobiernos Municipales
911990095,ALCALDIA MUNICIPAL SANTA ROSA GUACHIPILI,Gobiernos Locales,Alcaldías,Gobiernos Municipales
12990003,ALCALDIA MUNICIPAL DE CHALATENANGO,Gobiernos Locales,Alcaldías,Gobiernos Municipales
12990008,ALCALDIA MUNICIPAL DE LAS VUELTAS,Gobiernos Locales,Alcaldías,Gobiernos Municipales
12990020,ALCALDIA MUNICIPAL NOMBRE DE JESUS,Gobiernos Locales,Alcaldías,Gobiernos Municipales
12990025,ALCALDIA MUNICIPAL SAN ANTONIO D LA CRUZ,Gobiernos Locales,Alcaldías,Gobiernos Municipales
112990012,ALCALDIA MUNICIPAL DE EL CARRIZAL,Gobiernos Locales,Alcaldías,Gobiernos Municipales
112990017,ALCALDIA MUNICIPAL DE SAN FRANCISCO LEMP,Gobiernos Locales,Alcaldías,Gobiernos Municipales
212990004,ALCALDIA MUNICIPAL DE NUEVA TRINIDAD,Gobiernos Locales,Alcaldías,Gobiernos Municipales
212990009,ALCALDIA MUNICIPAL DE CONCEPCION QUEZALT,Gobiernos Locales,Alcaldías,Gobiernos Municipales
212990021,ALCALDIA MUNICIPAL DE SANTA RITA,Gobiernos Locales,Alcaldías,Gobiernos Municipales
212990026,ALCALDIA MUNICIPAL DE LA REINA,Gobiernos Locales,Alcaldías,Gobiernos Municipales
312990013,ALCALDIA MUNICIPAL DE SAN RAFAEL,Gobiernos Locales,Alcaldías,Gobiernos Municipales
312990018,ALCALDIA MUNICIPAL DE SAN LUIS DEL CARME,Gobiernos Locales,Alcaldías,Gobiernos Municipales
312990030,ALCALDIA MUNICIPAL DE SAN JOSE CANCASQUE,Gobiernos Locales,Alcaldías,Gobiernos Municipales
412960004,ALCALDIA MUNICIPAL DE TEJUTLA,Gobiernos Locales,Alcaldías,Gobiernos Municipales
412990005,ALCALDIA MUNICIPAL DE ARCATAO,Gobiernos Locales,Alcaldías,Gobiernos Municipales
412990022,ALCALDIA MUNICIPAL EL PARAISO,Gobiernos Locales,Alcaldías,Gobiernos Municipales
412990027,ALCALDIA MUNICIPAL DE SAN IGNACIO,Gobiernos Locales,Alcaldías,Gobiernos Municipales
512990014,ALCALDIA MUNICIPAL LA LAGUNA,Gobiernos Locales,Alcaldías,Gobiernos Municipales
512990019,ALCALDIA MUNICIPAL DE SAN MIGUEL DE MERC,Gobiernos Locales,Alcaldías,Gobiernos Municipales
512990031,ALCALDIA MUNICIPAL DE NUEVA CONCEPCION,Gobiernos Locales,Alcaldías,Gobiernos Municipales
612990006,ALCALDIA MUNICIPAL DE SAN ISIDRO LABRADR,Gobiernos Locales,Alcaldías,Gobiernos Municipales
612990023,ALCALDIA MUNICIPAL DE SAN FERNANDO,Gobiernos Locales,Alcaldías,Gobiernos Municipales
612990028,ALCALDIA MUNICIPAL DE SAN FRANCISCO MORA,Gobiernos Locales,Alcaldías,Gobiernos Municipales
712990010,ALCALDIA MUNICIPAL DE COMALAPA,Gobiernos Locales,Alcaldías,Gobiernos Municipales
712990015,ALCALDIA MUNICIPAL DE SAN ANTONIO LOS RA,Gobiernos Locales,Alcaldías,Gobiernos Municipales
712990032,ALCALDIA MUNICIPAL DE AGUA CALIENTE,Gobiernos Locales,Alcaldías,Gobiernos Municipales
812000014,ALCALDIA MUNICIPAL DE AZACUALPA,Gobiernos Locales,Alcaldías,Gobiernos Municipales
812980005,ALCALDIA MUNICIPAL DE LA PALMA,Gobiernos Locales,Alcaldías,Gobiernos Municipales
812990007,ALCALDIA MUNICIPAL DE POTONICO,Gobiernos Locales,Alcaldías,Gobiernos Municipales
812990024,ALCALDIA MUNICIPAL DE SAN JOSE LAS FLORE,Gobiernos Locales,Alcaldías,Gobiernos Municipales
812990029,ALCALDIA MUNICIPAL DE CITALA,Gobiernos Locales,Alcaldías,Gobiernos Municipales
912990011,ALCALDIA MUNICIPAL DULCE NOMBRE DE MARIA,Gobiernos Locales,Alcaldías,Gobiernos Municipales
912990016,ALCALDIA MUNICIPAL OJOS DE AGUA,Gobiernos Locales,Alcaldías,Gobiernos Municipales
13990007,ALCALDIA MUNICIPAL DE CINQUERA,Gobiernos Locales,Alcaldías,Gobiernos Municipales
213990008,ALCALDIA MUNICIPAL DE CIUDAD DOLORES,Gobiernos Locales,Alcaldías,Gobiernos Municipales
313990012,ALCALDIA MUNICIPAL DE SENSUNTEPEQUE,Gobiernos Locales,Alcaldías,Gobiernos Municipales
313990017,ALCALDIA MUNICIPAL DE GUACOTECTI,Gobiernos Locales,Alcaldías,Gobiernos Municipales
413990004,ALCALDIA MUNICIPAL DE VICTORIA,Gobiernos Locales,Alcaldías,Gobiernos Municipales
513990018,ALCALDIA MUNICIPAL DE JUTIAPA,Gobiernos Locales,Alcaldías,Gobiernos Municipales
613990005,ALCALDIA MUNICIPAL DE TEJUTEPEQUE,Gobiernos Locales,Alcaldías,Gobiernos Municipales
813990006,ALCALDIA MUNICIPAL DE SAN ISIDRO,Gobiernos Locales,Alcaldías,Gobiernos Municipales
913990010,ALCALDIA MUNICIPAL DE ILOBASCO,Gobiernos Locales,Alcaldías,Gobiernos Municipales
14990001,ALCALDIA MUNICIPAL DE NUEVA ESPARTA,Gobiernos Locales,Alcaldías,Gobiernos Municipales
14990006,ALCALDIA MUNICIPAL DE CONCHAGUA,Gobiernos Locales,Alcaldías,Gobiernos Municipales
14990045,ALCALDIA MUNICIPAL DE MEANGUERA DL GOLFO,Gobiernos Locales,Alcaldías,Gobiernos Municipales
214990007,ALCALDIA MUNICIPAL DE YUCUAIQUIN,Gobiernos Locales,Alcaldías,Gobiernos Municipales
214990029,ALCALDIA MUNICIPAL DE PASAQUINA,Gobiernos Locales,Alcaldías,Gobiernos Municipales
314990011,ALCALDIA MUNICIPAL DE CONCEPCION DE ORIE,Gobiernos Locales,Alcaldías,Gobiernos Municipales
314990033,ALCALDIA MUNICIPAL DE LISLIQUE,Gobiernos Locales,Alcaldías,Gobiernos Municipales
414990003,ALCALDIA MUNICIPAL DE SANTA ROSA DE LIMA,Gobiernos Locales,Alcaldías,Gobiernos Municipales
514990034,ALCALDIA MUNICIPAL DE ANAMOROS,Gobiernos Locales,Alcaldías,Gobiernos Municipales
514990039,ALCALDIA MUNICIPAL DE SAN JOSE LA FUENTE,Gobiernos Locales,Alcaldías,Gobiernos Municipales
614990004,ALCALDIA MUNICIPAL EL CARMEN,Gobiernos Locales,Alcaldías,Gobiernos Municipales
614990009,ALCALDIA MUNICIPAL DE LA UNION,Gobiernos Locales,Alcaldías,Gobiernos Municipales
614990026,ALCALDIA MUNICIPAL DE EL SAUCE,Gobiernos Locales,Alcaldías,Gobiernos Municipales
714990018,ALCALDIA MUNICIPAL DE BOLIVAR,Gobiernos Locales,Alcaldías,Gobiernos Municipales
714990035,ALCALDIA MUNICIPAL DE YAYANTIQUE,Gobiernos Locales,Alcaldías,Gobiernos Municipales
814990027,ALCALDIA MUNICIPAL DE POLOROS,Gobiernos Locales,Alcaldías,Gobiernos Municipales
814990044,ALCALDIA MUNICIPAL DE INTIPUCA,Gobiernos Locales,Alcaldías,Gobiernos Municipales
914990019,ALCALDIA MUNICIPAL DE SAN ALEJO,Gobiernos Locales,Alcaldías,Gobiernos Municipales
4010003,INSTITUTO NACIONAL USULUTAN,Gobierno Central,Órgano Ejecutivo,"Educación, ciencia y tecnología"
904040056,COMPLEJO EDUCATIVO RANDY LOWSKY KING,Gobierno Central,Órgano Ejecutivo,"Educación, ciencia y tecnología"
9100016,COMPLEJO EDUCATIVO CATOLICO ANA GUERRA DE JESUS,Gobierno Central,Órgano Ejecutivo,"Educación, ciencia y tecnología"
9100016,COMPLEJO EDUCATIVO CATOLICO ANA GUERRA DE JESUS,Gobierno Central,Órgano Ejecutivo,"Educación, ciencia y tecnología"
902110280,INSTITUTO NACIONAL CANTON SAN JOSE LOS SITIOS,Gobierno Central,Órgano Ejecutivo,"Educación, ciencia y tecnología"
309100009,COMPLEJO EDUCATIVO CATOLICO PRESBITERO RENE VALLE,Gobierno Central,Órgano Ejecutivo,"Educación, ciencia y tecnología"
30303030,FUERZA ARMADA ,Gobierno Central,Órgano Ejecutivo,Seguridad pública
20202020,COMISION EJECUTIVA DEL RIO LEMPA CEL,Gobierno Central,Órgano Ejecutivo,Empresas públicas no financieras
40404040,GEO,Gobierno Central,Órgano Ejecutivo,Empresas públicas no financieras
